address,price,village,direction,renovation,square,lease_way,floor,area,layout
广安门外,3550,京铁和园,东,精装修,40 ,整租,低层/共28层,西城,1室1厅1卫
九棵树,4600,阿尔法社区B区,南北,精装修,133,整租,中层/共6层,通州,3室2厅2卫
九棵树,18000,龙湖蔚澜香醍,南共,,270,整租,5层,通州,4室2厅1卫
顺义城区,3400,义宾北区,南北,精装修,80 ,整租,高层/共6层,顺义,2室1厅1卫
小汤山,2500,龙脉花园,南,精装修,89 ,整租,北共5层,昌平,2室2厅1卫
黄村,2600,富强西里,南北,简单装修,88 ,整租,高层/共6层,大兴,2室1厅1卫
朝青板块,23500,天鹅湾南区,西南,简单装修,138,整租,中层/共18层,朝阳,3室2厅3卫
常营,1680,天赐良园,东,精装修,18 ,合租 - 次卧 - 男女不限,中层/共28层,朝阳,2室1厅1卫
潘家园,5100,松榆东里,南,,60 ,整租,低层/共18层,朝阳,2室1厅1卫
永定,1500,惠润嘉园,南,精装修,16 ,合租 - 主卧 - 男女不限,低层/共19层,门头沟,3室1厅1卫
黄村,2200,佟馨家园,暂无,,28 ,合租 - 主卧 - 男女不限,信息,大兴,3室2厅2卫
中央别墅区,5000,IDCITY艾迪城,西,简单装修,65 ,整租,高层/共9层,顺义,2室2厅2卫
劲松,5600,劲松八区,北,精装修,104,整租,中层/共21层,朝阳,3室1厅1卫
通州区金禧花园,面议,南高层/共9层,南,豪华装修,30 ,合租 - 主卧 - 限女生,高层/共9层,  暂无信息,2室2厅1卫
中关村,3200,科育社区,东,精装修,20 ,合租 - 主卧 - 限女生,中层/共10层,海淀,2室1厅1卫
北苑,8000,天居园,南,精装修,109,整租,高层/共32层,朝阳,2室1厅2卫
西罗园,5500,洋桥北里,南,精装修,75 ,整租,高层/共6层,丰台,3室1厅1卫
牡丹园,5800,牡丹园北里,南,精装修,65 ,整租,低层/共18层,海淀,2室1厅1卫
窦店,800,沁园春景,暂无,,30 ,合租 - 次卧 - 限女生,信息,房山,1室1厅1卫
清河,5200,永泰东里,南北,精装修,65 ,整租,中层/共6层,海淀,2室1厅1卫
九棵树,5900,K2玉兰湾,南北,精装修,92 ,整租,中层/共20层,通州,2室1厅1卫
双桥,2500,双惠苑,暂无,,18 ,合租 - 主卧 - 男女不限,信息,朝阳,3室1厅1卫
良乡,2500,超级蜂巢,南,精装修,42 ,整租,中层/共9层,房山,1室1厅1卫
天竺,4500,天竺新村,南北,简单装修,80 ,整租,中层/共6层,顺义,2室1厅1卫
通州北苑,4200,杨庄北街1号院,南北,精装修,100,整租,高层/共6层,通州,2室2厅1卫
健翔桥,5399,华严北里小区,南,精装修,70 ,整租,中层/共6层,朝阳,2室1厅1卫
后沙峪,4000,顺义绿地启航国际,南,精装修,70 ,整租,中层/共13层,顺义,2室1厅1卫
花乡,6500,怡海花园,西南,精装修,102,整租,中层/共29层,丰台,2室1厅1卫
小西天,1500,红联北村,南,精装修,17 ,合租 - 次卧 - 男女不限,低层/共6层,海淀,3室1厅1卫
霍营,1600,华龙苑南里,暂无,,20 ,合租 - 主卧 - 限女生,信息,昌平,3室1厅1卫
东直门,1880,胡家园社区东区,南,精装修,15 ,合租 - 主卧 - 男女不限,中层/共22层,东城,3室1厅1卫
蓟门桥,5600,蓟门里东里,东南,豪华装修,62 ,整租,中层/共18层,海淀,2室1厅1卫
沙河,1200,立鑫苑,南,精装修,32 ,整租,高层/共6层,昌平,1室1厅1卫
丽泽桥,6000,丽泽景园,南,,80 ,整租,高层/共27层,丰台,2室1厅1卫
长阳,2800,加州水郡(西区),南北,精装修,88 ,整租,低层/共15层,房山,2室1厅1卫
定福庄,5800,福盈家园一号院,南,毛坯,85 ,整租,中层/共17层,朝阳,2室1厅1卫
白石桥,8900,海赋国际,南北,豪华装修,80 ,整租,中层/共14层,海淀,1室1厅1卫
窦店,1500,山水汇豪苑(南区),南北,精装修,63 ,整租,高层/共6层,房山,2室1厅1卫
密云周边,2000,果园新里中区,南北,精装修,119,整租,高层/共6层,密云,3室2厅2卫
窦店,1500,北京城建琨廷,暂无,,20 ,合租 - 次卧 - 限女生,信息,房山,3室2厅1卫
大峪,1200,冯村嘉园(一区),南,精装修,24 ,合租 - 主卧 - 男女不限,中层/共23层,门头沟,2室1厅1卫
西单,2000,西单西斜街小区,南,精装修,27 ,合租 - 主卧 - 男女不限,中层/共6层,西城,3室1厅1卫
房山,800,  ,暂无,,70 ,整租,信息,大十三里村,3室1厅1卫
五道口,1500,展春园小区,南,简单装修,15 ,合租 - 次卧 - 男女不限,中层/共6层,海淀,3室1厅1卫
亦庄,8800,星岛假日,南,豪华装修,153,整租,北共5层,大兴,3室2厅2卫
石园,1400,石园北一社区,西,精装修,20 ,合租 - 次卧 - 男女不限,低层/共6层,顺义,3室2厅1卫
团结湖,4800,水碓子北里,南,精装修,55 ,整租,中层/共6层,朝阳,2室1厅1卫
温泉,4600,尚峰尚水,南北,精装修,94 ,整租,低层/共10层,海淀,2室1厅1卫
清河,4300,永泰东里,南北,中等装修,65 ,整租,低层/共6层,海淀,2室1厅1卫
回龙观,2300,回龙观新村中区,暂无,,70 ,合租 - 次卧 - 男女不限,信息,昌平,2室1厅1卫
亚运村,11000,宝石花苑,东西,精装修,134,整租,中层/共11层,朝阳,3室2厅2卫
劲松,7500,华威北里-19号楼,东南,中等装修,90 ,整租,低层/共18层,朝阳,3室0厅1卫
生物医药基地,1180,鑫苑鑫都汇,南,精装修,12 ,合租 - 主卧 - 男女不限,低层/共23层,大兴,3室1厅1卫
望京,2500,南湖中园小区,南,精装修,25 ,合租 - 主卧 - 男女不限,中层/共6层,朝阳,2室1厅1卫
平谷城区,1900,新开街小区,南北,精装修,93 ,整租,高层/共6层,平谷,2室1厅1卫
中央别墅区,16000,中粮祥云,南北,豪华装修,167,整租,高层/共15层,顺义,3室2厅1卫
回龙观,1900,龙锦苑东五区,暂无,,25 ,合租 - 次卧 - 男女不限,信息,昌平,3室1厅2卫
回龙观,2200,东村家园,暂无,,25 ,合租 - 主卧 - 男女不限,信息,昌平,3室1厅1卫
定福庄,1500,定福家园北里,南,精装修,15 ,合租 - 主卧 - 男女不限,中层/共6层,朝阳,3室1厅1卫
良乡,3000,荣鹏花园,南北,精装修,128,整租,低层/共12层,房山,3室1厅1卫
豆各庄,4300,宇达创意中心,西南,,67 ,整租,中层/共7层,朝阳,1室1厅1卫
沙河,1500,沙河于辛庄五号公寓,东,,35 ,整租,中层/共7层,昌平,1室1厅1卫
马家堡,2150,玉安园,南,精装修,20 ,合租 - 主卧 - 男女不限,低层/共15层,丰台,3室1厅1卫
回龙观,8500,蓝天嘉园,南北,,153,整租,中层/共27层,昌平,3室2厅2卫
昌平,1100,  ,暂无,,10 ,合租 - 次卧 - 限女生,信息,昌平区生命科学园珠江摩尔国际大厦,2室1厅1卫
西二旗,1500,领秀硅谷2区(别墅),南,精装修,20 ,合租 - 主卧 - 男女不限,中层/共12层,海淀,3室1厅2卫
通州周边,4200,悦上城,南,精装修,108,整租,中层/共17层,通州,3室2厅3卫
玉泉营,1900,三环新城,南,精装修,18 ,合租 - 主卧 - 男女不限,高层/共15层,丰台,1室0厅0卫
和平里,11500,和平新城,南北,精装修,110,整租,低层/共18层,东城,2室1厅1卫
九棵树,4900,通大家园,南北,精装修,127,整租,中层/共32层,通州,3室2厅2卫
房山城关,1700,万宁小区,南北,简单装修,54 ,整租,高层/共6层,房山,2室1厅1卫
百万庄,面议,百万庄子区,南,中等装修,20 ,合租 - 主卧 - 男女不限,高层/共6层,西城,3室1厅1卫
科技园区,4000,湾流,东南,精装修,38 ,整租,中层/共20层,丰台,1室0厅1卫
马驹桥,2600,联东U谷,南,,35 ,整租,低层/共6层,通州,1室0厅1卫
天通苑,5500,天通苑北一区,南北,中等装修,93 ,整租,低层/共23层,昌平,2室1厅1卫
东市区,1600,上上城青年社区二期,南,精装修,85 ,合租 - 主卧 - 男女不限,中层/共26层,燕郊,2室1厅1卫
良乡,2700,楸树家园,南北,精装修,88 ,整租,中层/共15层,房山,2室2厅2卫
阜成门,7500,民康胡同30号院,东西,精装修,80 ,整租,低层/共18层,西城,2室1厅1卫
亦庄,6300,大雄城市花园一幅画卷,南北,精装修,137,整租,低层/共15层,大兴,3室1厅2卫
管庄,3900,管庄西里,南北,精装修,69 ,整租,低层/共6层,朝阳,2室1厅1卫
朝阳公园,150000,棕榈泉国际公寓,东南,精装修,316,整租,高层/共30层,朝阳,5室3厅5卫
天通苑,5100,公园两栋,南,精装修,55 ,整租,高层/共11层,昌平,2室1厅1卫
亚运村,1400,安慧北里逸园,暂无,,15 ,合租 - 隔断 - 男女不限,信息,朝阳,3室1厅1卫
马连洼,5500,山语间(保利西山林语),南北,精装修,93 ,整租,高层/共8层,海淀,3室1厅1卫
阜成门,1530,洪茂沟小区,南,精装修,19 ,合租 - 主卧 - 男女不限,高层/共22层,西城,3室1厅1卫
酒仙桥,9000,飘HOME,东南,精装修,87 ,整租,低层/共25层,朝阳,2室1厅1卫
通州北苑,16000,天时名苑,南北,精装修,230,整租,低层/共20层,通州,4室2厅2卫
良乡,3000,瑞雪春堂,南北,简单装修,88 ,整租,低层/共15层,房山,2室1厅2卫
五棵松,8800,雪芳园,南北,精装修,136,整租,低层/共16层,海淀,3室1厅2卫
亚运村,5000,安慧北里逸园,南北,精装修,60 ,整租,中层/共6层,朝阳,1室1厅1卫
十里堡,8000,都会华庭,东南,简单装修,133,整租,高层/共20层,朝阳,2室2厅2卫
安贞,2400,安华里四区,南,精装修,20 ,合租 - 主卧 - 男女不限,中层/共20层,朝阳,3室1厅1卫
长辛店,2700,珠光逸景(一号院),南北,精装修,65 ,整租,高层/共6层,丰台,1室1厅1卫
国贸,7000,世纪东方嘉园(南区),西北,精装修,90 ,整租,高层/共20层,朝阳,2室2厅2卫
牛街,2300,似海怡家,南,精装修,17 ,合租 - 次卧 - 男女不限,中层/共24层,宣武,1室1厅1卫
旧宫 ,2500,瀛海家园,南北,简单装修,80 ,整租,中层/共18层,大兴,1室1厅1卫
人民大学,5000,中央民族大学家属楼,南,精装修,67 ,整租,低层/共7层,海淀,2室1厅1卫
果园,3500,半壁店新村,南北,豪华装修,88 ,整租,中层/共18层,通州,2室1厅1卫
垡头,5100,燕保祈东家园,南北,,81 ,整租,低层/共28层,朝阳,2室1厅1卫
广安门内,5500,车站西街17号院,南,精装修,75 ,整租,中层/共27层,宣武,2室1厅1卫
方庄,5000,芳群园二区,南,精装修,82 ,整租,中层/共22层,丰台,2室1厅1卫
张家湾,5000,通州于家务,南,毛坯,400,整租,低层/共6层,通州,2室1厅1卫
亚运村小营,2500,嘉铭桐城A区,南北,豪华装修,25 ,合租 - 主卧 - 男女不限,中层/共18层,朝阳,1室1厅1卫
沙河,1212,恒大城5号院,南,精装修,20 ,合租 - 主卧 - 男女不限,中层/共28层,昌平,3室1厅1卫
西红门,1720,瑞海五区(瑞海家园五区),南,精装修,19 ,合租 - 主卧 - 男女不限,中层/共12层,大兴,3室1厅1卫
菜户营,1800,鹏润家园,南,精装修,10 ,合租 - 次卧 - 男女不限,低层/共25层,丰台,4室2厅2卫
酒仙桥,4200,北窑地小区,南,精装修,40 ,整租,中层/共6层,朝阳,1室1厅1卫
南沙滩,2500,安翔里,暂无,,20 ,合租 - 次卧 - 男女不限,信息,朝阳,2室1厅1卫
陶然亭,18000,一瓶,东南,精装修,159,整租,中层/共13层,宣武,2室2厅2卫
公主坟,6600,翠微北里,南北,精装修,41 ,整租,低层/共6层,海淀,2室1厅1卫
黄村,1200,佟馨家园B区,南北,精装修,15 ,整租,低层/共13层,大兴,3室2厅2卫
增光路,6600,甘家口小区,东西,精装修,70 ,整租,低层/共9层,海淀,2室1厅1卫
亚运村,2300,安慧北里逸园,暂无,,24 ,合租 - 主卧 - 男女不限,信息,朝阳,3室1厅1卫
其他,1500,尚文苑,南北,,117,整租,中层/共7层,北京周边,3室2厅1卫
团结湖,28000,富力爱丁堡公馆,南北,精装修,195,整租,低层/共15层,朝阳,3室2厅3卫
五道口,6500,红杉国际公寓,西,豪华装修,88 ,整租,中层/共19层,海淀,1室1厅1卫
香山,5000,北坞嘉园,南北,精装修,57 ,整租,低层/共6层,海淀,1室1厅1卫
望京,11000,融科橄榄城(二期),南,,106,整租,低层/共28层,朝阳,2室2厅1卫
昌平县城,1250, ,暂无,,25 ,合租 - 次卧 - 男女不限,信息,昌平,3室2厅2卫
龙泽,6100,融泽嘉园一号院,南北,精装修,88 ,整租,低层/共31层,昌平,3室1厅1卫
沙河,4800,于辛家园,东西,精装修,120,整租,高层/共6层,昌平,3室2厅1卫
马坡,12500,安乐家园,南共,,480,整租,1层,顺义,6室5厅2卫
area,floor,price,renovation,village,address,lease_way,square,direction,layout
朝阳,中层/共18层,12500,精装修,晨光家园B区,十里堡,整租,135,东,3室1厅2卫
通州,高层/共28层,2000,精装修,北苑南路24号院,通州北苑,合租 - 主卧 - 男女不限,22 ,南,3室1厅1卫
延庆,低层/共6层,1600,,东屯,延庆城区,整租,41 ,北,1室1厅1卫
朝阳,高层/共6层,2500,精装修,三源里南小街小区,三元桥,合租 - 次卧 - 男女不限,22 ,南北,3室1厅1卫
丰台,高层/共12层,11000,精装修,未来上层(草桥欣园四区),草桥,整租,170,南北,4室2厅2卫
房山,中层/共6层,2000,简单装修,健德四里,阎村,整租,81 ,南北,2室1厅1卫
顺义,高层/共6层,3300,精装修,石园北区,顺义城区,整租,130,南北,3室1厅1卫
顺义,中层/共11层,6550,精装修,空港吉祥花园,中央别墅区,整租,133,南北,3室2厅2卫
朝阳,高层/共28层,3800,精装修,金隅悦和园,东坝,整租,64 ,南,1室1厅1卫
朝阳,信息,1800,,富东嘉园,东坝,合租 - 主卧 - 限女生,104,暂无,2室1厅1卫
通州,中层/共6层,999,精装修,阿尔法社区B区,九棵树,整租,16 ,南,4室1厅2卫
朝阳,中层/共6层,5200,,顺源里小区,三元桥,整租,45 ,南北,1室1厅1卫
朝阳,中层/共7层,13000,精装修,银谷美泉家园,朝阳公园,整租,144,南北,3室2厅2卫
大兴,中层/共6层,2000,精装修,福苑小区,黄村,整租,60 ,南北,1室1厅1卫
昌平,3层,1000,,沙河中心街,沙河,整租,29 ,南共,1室0厅1卫
大兴,信息,2200,, ,西红门,合租 - 主卧 - 男女不限,20 ,暂无,3室1厅1卫
海淀,低层/共6层,5900,简单装修,增光路甲51号院,航天桥,整租,65 ,南北,2室1厅1卫
朝阳,低层/共28层,8500,简单装修,通惠家园惠民园,四惠,整租,118,东北,3室1厅1卫
通州,中层/共6层,2000,精装修,新华联家园北区,果园,合租 - 主卧 - 男女不限,25 ,南北,4室2厅2卫
顺义,中层/共13层,3700,精装修,中建国际城,胜利,整租,82 ,南北,2室1厅1卫
朝阳,低层/共6层,13500,豪华装修,首开铂郡,三里屯,整租,98 ,东南,1室1厅0卫
昌平,信息,1750,,龙锦苑东一区,回龙观,合租 - 次卧 - 男女不限,20 ,暂无,3室1厅2卫
西城,中层/共25层,6800,,远见名苑(一期),广安门外,整租,80 ,西南,2室1厅1卫
密云,中层/共6层,2000,精装修,康居南区,密云城区,整租,122,南北,3室2厅2卫
朝阳,低层/共28层,1500,精装修,燕保祈东家园,垡头,合租 - 主卧 - 男女不限,22 ,南,1室1厅1卫
大兴,高层/共16层,4500,精装修,南海家园三里,亦庄,整租,106,南,3室1厅1卫
密云,北共4层,1500,精装修,亚澜湾,密云周边,整租,48 ,南,1室1厅1卫
丰台,中层/共6层,4200,精装修,三路居93号院,菜户营,整租,60 ,南北,2室1厅1卫
朝阳,中层/共6层,3000,精装修,南湖渠西里,望京,整租,50 ,南,1室1厅1卫
大兴,北共3层,19000,精装修,一栋洋房,亦庄,整租,261,南,5室2厅4卫
朝阳,中层/共9层,27000,豪华装修,华悦国际公寓,亚运村,整租,217,南北,4室2厅2卫
燕郊,中层/共17层,1800,,上上城第三季,燕顺路,整租,78 ,南,2室1厅1卫
朝阳,信息,3300,,吉利家园,芍药居,合租 - 次卧 - 限女生,20 ,暂无,3室2厅2卫
昌平,中层/共11层,5250,精装修,紫金新干线四区,霍营,整租,90 ,南北,3室1厅1卫
海淀,信息,2790,,裕和嘉园,上地,合租 - 主卧 - 男女不限,22 ,暂无,3室1厅1卫
昌平,高层/共9层,5300,,北安河路甲8号院,回龙观,整租,112,南,3室2厅1卫
丰台,高层/共6层,3000,精装修,云岗北区东里,云岗,整租,70 ,南北,2室1厅1卫
大兴,中层/共25层,6500,精装修,新里西斯莱公馆,黄村,整租,88 ,南北,3室1厅1卫
海淀,信息,1200,, ,学院路北,合租 - 次卧 - 限女生,20 ,暂无,3室1厅1卫
昌平,高层/共18层,1000,精装修,天通苑西三区,天通苑,合租 - 次卧 - 男女不限,18 ,南,3室1厅2卫
朝阳,信息,2800,, ,十里堡,合租 - 次卧 - 男女不限,16 ,暂无,2室1厅1卫
朝阳,信息,2500,,通惠家园惠民园,甘露园,合租 - 主卧 - 男女不限,26 ,暂无,3室1厅1卫
朝阳,高层/共12层,7200,,左家庄11号院,国展,整租,63 ,南,2室1厅1卫
朝阳,低层/共32层,11500,精装修,上东双子座,酒仙桥,整租,80 ,南,1室1厅1卫
大兴,低层/共6层,4800,,北空住宅小区,旧宫 ,整租,102,南北,2室1厅1卫
房山,高层/共6层,1500,,檀香苑,房山周边,整租,95 ,南,2室1厅1卫
海淀,高层/共27层,11000,简单装修,太月园(南区),知春路,整租,98.,西南,2室1厅1卫
密云,中层/共6层,3000,精装修,彩虹园小区,密云周边,整租,115,南北,2室2厅1卫
丰台,低层/共6层,5600,精装修,泥洼路5号院,丽泽桥,整租,90 ,南北,3室1厅1卫
朝阳,中层/共6层,4900,精装修,延静里中街小区,CBD ,整租,70 ,南北,2室1厅1卫
昌平,低层/共10层,4500,精装修,东关南里,昌平县城,整租,145,南北,3室2厅2卫
朝阳,高层/共28层,3800,精装修,周庄嘉园7号院,媒体村,整租,56 ,南,1室1厅1卫
海淀,信息,2300,,肖家河回迁住宅(东区),肖家河,合租 - 主卧 - 男女不限,20 ,暂无,3室1厅1卫
朝阳,中层/共6层,2800,精装修,南湖中园小区,望京,合租 - 主卧 - 男女不限,30 ,东南,3室2厅2卫
  暂无信息,高层/共6层,1300,简单装修,北高层/共6层,双高花园住宅小区,合租 - 次卧 - 限女生,15 ,北,2室1厅1卫
通州,高层/共6层,1250,精装修,杨家洼小区,梨园,合租 - 次卧 - 男女不限,18 ,南,3室1厅1卫
海淀,中层/共12层,1500,精装修,领秀硅谷2区(别墅),西二旗,合租 - 主卧 - 男女不限,20 ,南,3室1厅2卫
海淀,低层/共10层,9800,精装修,琨御府,五路居,整租,89 ,南,2室1厅1卫
昌平,中层/共28层,1212,精装修,恒大城5号院,沙河,合租 - 主卧 - 男女不限,20 ,南,3室1厅1卫
大兴,低层/共6层,4100,精装修,泰中花园,黄村,整租,110,南北,2室2厅2卫
朝阳,信息,2420,,连心园,常营,合租 - 主卧 - 限女生,18 ,暂无,3室1厅1卫
海淀,中层/共24层,1700,精装修,智学苑,西二旗,整租,20 ,南,3室1厅1卫
通州,中层/共6层,3100,精装修,葛布店南里,九棵树,整租,65 ,南北,2室1厅1卫
朝阳,低层/共23层,2800,精装修,金泰先锋,百子湾,合租 - 主卧 - 男女不限,34 ,南,2室1厅1卫
朝阳,中层/共24层,1700,精装修,力源里小区,四惠,合租 - 隔断 - 男女不限,15 ,南,3室1厅2卫
大兴,信息,2100,,贵园南里丁区,亦庄,合租 - 次卧 - 男女不限,15 ,暂无,3室1厅1卫
昌平,高层/共12层,1200,精装修,天通苑北一区,天通苑,合租 - 次卧 - 男女不限,18 ,东,3室1厅2卫
朝阳,低层/共21层,6600,精装修,龙湖长楹天街,常营,整租,62 ,西南,1室1厅1卫
朝阳,中层/共30层,3500,精装修,方舟苑,望京,合租 - 主卧 - 男女不限,34 ,东南,3室2厅2卫
顺义,中层/共10层,4000,,炫立方,顺义城区,整租,100,东,2室1厅2卫
朝阳,高层/共18层,3500,精装修,望京 望京西园一区,望京,合租 - 主卧 - 男女不限,17 ,南,3室2厅2卫
朝阳,信息,1400,,花虎沟8号院畅清园,奥林匹克公园,合租 - 隔断 - 男女不限,16 ,暂无,3室1厅1卫
朝阳,低层/共28层,15000,精装修,金茂府,双井,整租,85 ,西,1室1厅1卫
海淀,信息,2850,,裕和嘉园,马连洼,合租 - 主卧 - 男女不限,26 ,暂无,2室1厅1卫
平谷,中层/共6层,1500,精装修,乐园东小区,平谷城区,整租,98 ,南北,3室1厅1卫
朝阳,信息,2400,, ,四惠,合租 - 主卧 - 男女不限,24 ,暂无,4室1厅1卫
西城,中层/共16层,3100,,荣丰2008,广安门外,整租,30 ,北,1室1厅1卫
丰台,低层/共24层,6000,精装修,顶秀金石家园,宋家庄,整租,85 ,南,2室1厅1卫
大兴,中层/共15层,9500,豪华装修,中冶德贤公馆,旧宫 ,整租,140,南北,3室2厅2卫
海淀,中层/共9层,5700,精装修,中国房子,田村,整租,71.,南,1室1厅1卫
崇文,中层/共6层,8500,精装修,东花市北里东区,崇文门,整租,81 ,南北,2室1厅1卫
lease_way,renovation,price,area,layout,direction,square,village,floor,address
整租,精装修,1900,朝阳,3室1厅1卫,南,15 ,八里庄北里小区(朝阳),低层/共6层,八里庄
合租 - 主卧 - 男女不限,,1600,昌平,3室1厅1卫,暂无,20 ,水屯家园,信息,昌平县城
合租 - 次卧 - 男女不限,精装修,2300,海淀,2室1厅1卫,南,15 ,新街口外大街23号院,高层/共6层,北太平庄
合租 - 隔断 - 男女不限,中等装修,700,朝阳,3室1厅1卫,南,10 ,姚家园东里,中层/共16层,朝阳公园
整租,精装修,5350,崇文,2室1厅1卫,南,70 ,天坛东里南区,中层/共16层,天坛
合租 - 主卧 - 男女不限,精装修,2200,朝阳,3室1厅1卫,南,25 ,晨光家园B区,中层/共12层,石佛营
合租 - 次卧 - 男女不限,精装修,1400,海淀,3室1厅1卫,南,13 ,交大静园,中层/共6层,大钟寺
整租,精装修,12000,朝阳,1室1厅1卫,东西,78 ,华远裘马都,高层/共21层,三元桥
整租,精装修,3500,石景山,2室1厅1卫,西北,60 ,老山西里,高层/共6层,老山
整租,精装修,4000,崇文,1室1厅1卫,南,50 ,安化北里,高层/共6层,广渠门
整租,精装修,25000,海淀,4室2厅3卫,南北,267,亿城西山华府禧园,高层/共8层,马连洼
整租,精装修,1000,燕郊,1室1厅1卫,南,54 ,福城上上城五期,低层/共28层,东市区
合租 - 次卧 - 男女不限,精装修,1900,海淀,3室1厅1卫,南,20 ,志新村小区,中层/共6层,二里庄
整租,精装修,3000,顺义,2室1厅1卫,南北,90 ,佳和宜园,中层/共6层,马坡
合租 - 主卧 - 限女生,,850,朝阳,3室1厅1卫,暂无,12 ,松榆东里,信息,松榆里
合租 - 次卧 - 男女不限,精装修,2800,海淀,2室1厅1卫,东,20 ,稻香园小区,中层/共12层,苏州桥
整租,精装修,6700,海淀,1室1厅1卫,西,48.,金尚嘉园,低层/共14层,牡丹园
合租 - 主卧 - 男女不限,精装修,2000,丰台,3室1厅1卫,南,22 ,方庄南路18号院,低层/共26层,成寿寺
合租 - 主卧 - 男女不限,精装修,3000,朝阳,2室1厅1卫,南北,30 ,樱花园小区,中层/共6层,安贞
合租 - 主卧 - 男女不限,精装修,3200,宣武,3室1厅1卫,南共,40 ,广安小区,1层,马连道
合租 - 主卧 - 男女不限,,1950,丰台,2室1厅1卫,暂无,25 ,顶秀金颐家园,信息,宋家庄
整租,精装修,5000,朝阳,2室2厅1卫,西北,86 ,富力又一城C区,中层/共21层,豆各庄
合租 - 主卧 - 男女不限,,1700,大兴,3室2厅2卫,暂无,25 ,瑞海一区(瑞海家园一区),信息,西红门
整租,精装修,6003,朝阳,1室1厅1卫,东北,69 ,望京新城,低层/共20层,望京
整租,,1200,朝阳,1室1厅1卫,南共,16 ,北京市朝阳区崔各庄费家村,3层,孙河
整租,精装修,4300,丰台,1室1厅1卫,西,65 ,鸿业兴园二区,中层/共26层,科技园区
合租 - 主卧 - 男女不限,精装修,2300,丰台,3室1厅1卫,南,26 ,紫芳园一区,高层/共25层,方庄
整租,,4300,丰台,2室1厅2卫,南,30 ,GOGO新世代,中层/共23层,方庄
合租 - 主卧 - 男女不限,,2650,丰台,3室1厅1卫,暂无,20 ,榴景秀苑,信息,宋家庄
合租 - 主卧 - 男女不限,,2000,通州,2室1厅1卫,暂无,15 ,康泉小区,信息,八里桥
合租 - 主卧 - 男女不限,,3500,朝阳,1室1厅1卫,暂无,30 ,顺源里,信息,燕莎
合租 - 次卧 - 男女不限,,2380,海淀,2室1厅1卫,暂无,13 ,铁西住宅小区,信息,军博
合租 - 次卧 - 男女不限,精装修,1350,昌平,3室1厅2卫,南,20 ,天通苑西三区,中层/共17层,天通苑
合租 - 隔断 - 男女不限,,1600,海淀,1室1厅1卫,暂无,9  ,石油大院,信息,学院路
合租 - 主卧 - 男女不限,,3500,朝阳,3室1厅2卫,暂无,30 ,百环花园,信息,潘家园
合租 - 次卧 - 男女不限,,2700,大兴,4室1厅3卫,暂无,245,宣颐家园,信息,旧宫 
合租 - 主卧 - 男女不限,精装修,1500,朝阳,3室1厅1卫,南,15 ,定福家园北里,中层/共6层,定福庄
整租,,8500,昌平,3室2厅2卫,南北,153,蓝天嘉园,中层/共27层,回龙观
合租 - 次卧 - 男女不限,精装修,1500,海淀,3室1厅1卫,北,19 ,上地佳园,低层/共6层,上地
合租 - 主卧 - 男女不限,,2300,朝阳,2室1厅1卫,暂无,20 ,北辰福第南区,信息,常营
整租,,1500,朝阳,1室1厅1卫,南,50 ,US联邦公寓,低层/共10层,燕莎
整租,,6000,朝阳,2室1厅1卫,南,60 ,安华西里(一区),中层/共20层,安贞
合租 - 次卧 - 男女不限,,2500,朝阳,2室1厅1卫,暂无,20 ,安翔里,信息,南沙滩
整租,中等装修,7500,朝阳,3室0厅1卫,东南,90 ,华威北里-19号楼,低层/共18层,劲松
合租 - 次卧 - 男女不限,精装修,1800,丰台,4室2厅2卫,南,10 ,鹏润家园,低层/共25层,菜户营
整租,精装修,1690,房山,2室1厅1卫,南北,85 ,马各庄小区,中层/共18层,房山城关
合租 - 主卧 - 限女生,,面议,海淀,3室1厅1卫,暂无,100,中关村东路保福寺桥南软件园小区,信息,中关村
整租,,750,西海洪,1室1厅1卫,南共,19 ,  ,2层,顺义
整租,精装修,150000,海淀,5室3厅4卫,南北,568,国悦府,高层/共19层,公主坟
合租 - 主卧 - 男女不限,简单装修,2800,朝阳,2室1厅1卫,南,18 ,福盈家园西区,中层/共20层,定福庄
合租 - 次卧 - 男女不限,简单装修,1100,昌平,3室1厅2卫,南,25 ,天通苑北一区,低层/共18层,天通苑
整租,精装修,1800,燕郊,2室1厅1卫,南,77 ,紫竹园,北共5层,迎宾路
整租,,1550,东城,1室1厅1卫,南,50 ,朝阳门北小街小区,中层/共10层,朝阳门
合租 - 主卧 - 男女不限,,3600,海淀,2室1厅1卫,暂无,28 ,七贤村小区,信息,北洼路
整租,精装修,5500,丰台,2室1厅1卫,南北,70 ,东铁营横一条小区,中层/共6层,成寿寺
合租 - 主卧 - 男女不限,,2300,海淀,3室1厅1卫,暂无,20 ,肖家河回迁住宅(东区),信息,肖家河
合租 - 主卧 - 男女不限,,2300,海淀,3室1厅1卫,暂无,20 ,肖家河回迁住宅(东区),信息,肖家河
合租 - 主卧 - 限女生,中等装修,1250,  暂无信息,2室1厅1卫,南,25 ,南中层/共6层,中层/共6层,上南一村
整租,精装修,3500,朝阳,1室1厅1卫,南北,30 ,华纺易城,高层/共12层,朝青板块
合租 - 主卧 - 男女不限,,550,通州金缘A区,1室1厅1卫,暂无,30 ,  ,信息,通州
整租,简单装修,3100,顺义,1室1厅1卫,南北,60 ,胜利小区,高层/共6层,胜利
整租,精装修,4500,通州,3室2厅2卫,南北,118,晶彩亦庄,高层/共11层,马驹桥
合租 - 次卧 - 限女生,,2700,海淀,3室1厅1卫,暂无,15 ,牡丹园西里,信息,牡丹园
整租,精装修,13000,海淀,3室2厅2卫,南北,138,美丽园,低层/共6层,四季青
整租,简单装修,6300,海淀,1室1厅1卫,西南,63.,烟树园小区,高层/共11层,世纪城
整租,精装修,5200,昌平,3室2厅2卫,南北,138,龙跃苑四区,高层/共6层,回龙观
合租 - 主卧 - 男女不限,精装修,1800,朝阳,2室1厅1卫,南,20 ,奥北中心南区,低层/共31层,北苑
整租,精装修,2800,房山,1室1厅1卫,南,55 ,稻田回迁楼,中层/共19层,长阳
整租,精装修,13500,朝阳,3室2厅2卫,东南,148,万科星园,中层/共28层,北苑
整租,,3900,昌平,2室1厅1卫,南北,86 ,于辛庄,低层/共6层,沙河
整租,简单装修,6000,西城,1室1厅1卫,东南,70 ,月坛北街甲1号院,高层/共21层,月坛
合租 - 主卧 - 男女不限,精装修,3500,朝阳,2室1厅1卫,南,30 ,首开知语城,中层/共24层,望京
整租,精装修,11000,朝阳,4室2厅2卫,南,171,奥林匹克花园(一期),北共4层,东坝
合租 - 主卧 - 男女不限,,1300,昌平,3室1厅2卫,暂无,20 ,翠湖新城,信息,沙河
合租 - 主卧 - 男女不限,精装修,2100,西城,3室1厅1卫,南,30 ,木樨地北里,中层/共18层,木樨地
整租,,4300,通州,2室1厅1卫,南北,85 ,次渠锦园,中层/共23层,次渠
整租,,7000,海淀,2室2厅1卫,南北,90 ,门头馨园北区,高层/共7层,香山
整租,精装修,6300,朝阳,2室1厅1卫,南北,78 ,花家地西里一区,低层/共6层,花家地
整租,,3500,宣武,1室1厅1卫,南,35 ,世纪茶贸,中层/共15层,马连道
square,area,floor,village,address,price,renovation,layout,direction,lease_way
18 ,昌平,信息,云趣园一区,回龙观,1800,,2室1厅2卫,暂无,合租 - 主卧 - 男女不限
168,大兴,中层/共18层,林肯公园二期公寓,亦庄,12000,豪华装修,3室2厅3卫,东南,整租
57 ,西城,低层/共27层,朗琴园,广安门外,5800,简单装修,1室1厅1卫,北,整租
92 ,大兴,中层/共24层,林肯公园A区,亦庄,6500,精装修,2室1厅1卫,南北,整租
26 ,朝阳,信息,三源里南小街小区,三元桥,2400,,3室1厅1卫,暂无,合租 - 主卧 - 男女不限
28 ,朝阳,中层/共24层,南湖东园(二区),望京,3500,精装修,3室1厅1卫,南,合租 - 主卧 - 男女不限
68 ,朝阳,中层/共22层,风度柏林,大望路,7600,,1室1厅1卫,西,整租
100,朝阳,高层/共6层,嘉铭桐城D区,亚运村小营,15000,豪华装修,2室1厅1卫,南,整租
15 ,朝阳,高层/共6层,南湖中园二区,望京,1600,精装修,3室1厅1卫,南,合租 - 主卧 - 男女不限
30 ,朝阳,信息,清友园,北苑,2750,,3室1厅2卫,暂无,合租 - 主卧 - 男女不限
14 ,海淀,信息,上奥世纪中心,西二旗,2300,,2室1厅1卫,暂无,合租 - 次卧 - 男女不限
153,朝阳,低层/共16层,望京西园三区,望京,12900,精装修,3室2厅2卫,南,整租
88 ,昌平,高层/共19层,巩华家园北二村,沙河,3200,精装修,2室1厅1卫,南,整租
48 ,朝阳,中层/共6层,十里堡北里,十里堡,3900,精装修,1室1厅1卫,南,整租
20 ,朝阳,高层/共33层,大山子北里,酒仙桥,3100,精装修,3室1厅1卫,南,合租 - 主卧 - 男女不限
71 ,燕郊,中层/共24层,燕京航城,城区,1900,毛坯,2室1厅1卫,东北,整租
133,房山,中层/共6层,北潞冠家园,良乡,2800,简单装修,2室2厅2卫,南北,整租
68 ,丰台,中层/共18层,大红门锦苑小区,大红门,3800,精装修,1室1厅1卫,南,整租
98.,海淀,北共5层,观澳园小区,清河,7200,精装修,2室1厅1卫,南,整租
55 ,西城,中层/共14层,西便门东里,西便门,5300,精装修,1室1厅1卫,南,整租
15 ,昌平,信息,龙跃苑三区,霍营,1000,,5室1厅1卫,暂无,合租 - 隔断 - 男女不限
70 ,东城,北共1层,永康胡同小区,雍和宫,7300,精装修,2室1厅1卫,南,整租
20 ,海淀,中层/共20层,晨月园,世纪城,1800,精装修,3室1厅1卫,南,合租 - 主卧 - 男女不限
26 ,通州,信息,东潞苑,北关,1400,,3室2厅2卫,暂无,合租 - 主卧 - 男女不限
35 ,昌平,中层/共17层,北街家园八区,沙河,1800,精装修,1室1厅1卫,东,整租
85 ,海淀,中层/共16层,稻香园小区,中关村,8800,精装修,2室1厅1卫,南北,整租
20 ,朝阳,中层/共16层,中弘北京像素南区,常营,1899,精装修,3室1厅2卫,南,合租 - 主卧 - 男女不限
15 ,西城,低层/共6层,新街口外大街甲8号院,德胜门,1800,精装修,2室1厅1卫,南,合租 - 次卧 - 男女不限
65 ,朝阳,中层/共23层,华纺星海家园,东坝,3799,精装修,1室1厅1卫,南北,整租
25 ,朝阳,中层/共32层,天之骄子,双井,2200,精装修,3室1厅1卫,南,合租 - 主卧 - 男女不限
20 ,朝阳,中层/共6层,胜古南里,安贞,2400,精装修,2室1厅1卫,南,合租 - 主卧 - 男女不限
63.,朝阳,中层/共28层,富力城A区,双井,8300,精装修,1室0厅1卫,北,整租
20 ,昌平,信息,龙兴园北区,龙泽,1400,,3室1厅2卫,暂无,合租 - 主卧 - 限女生
75 ,朝阳,中层/共29层,朝丰家园(8号院),豆各庄,4000,精装修,2室2厅1卫,南,整租
56 ,朝阳,5层,酒仙桥一街坊,酒仙桥,4900,中等装修,2室1厅1卫,南共,整租
46 ,房山,中层/共16层,长阳金桥国际公寓,长阳,2100,精装修,1室2厅1卫,南,整租
18 ,海淀,信息,师大北路21号院,蓟门桥,2600,,3室1厅1卫,暂无,合租 - 主卧 - 男女不限
102,通州,信息,世纪星城,果园,2550,,2室1厅1卫,暂无,合租 - 主卧 - 限女生
21 ,朝阳,低层/共25层,北花园小区,国贸,1700,精装修,3室1厅2卫,南,合租 - 次卧 - 男女不限
105,朝阳,高层/共28层,美景东方,华威桥,7800,精装修,2室2厅1卫,南,整租
62 ,东城,5层,和平街十二区,和平里,5500,简单装修,2室1厅1卫,南共,整租
120,朝阳,中层/共27层,润泽公馆,来广营,9999,豪华装修,3室2厅2卫,南北,整租
21 ,朝阳,中层/共6层,甜水园东里,甜水园,2200,精装修,2室1厅1卫,南,合租 - 主卧 - 男女不限
18 ,丰台,5层,广安康馨家园(南区),卢沟桥,1700,,2室1厅1卫,南共,整租
95 ,朝阳,高层/共28层,金隅汇景苑四区,东坝,5000,精装修,3室1厅1卫,南北,整租
15 ,宣武,中层/共6层,建功北里二区,白纸坊,2000,精装修,3室1厅1卫,南北,合租 - 次卧 - 男女不限
91 ,朝阳,中层/共25层,富力城C区,双井,12000,精装修,2室1厅1卫,西北,整租
63 ,海淀,高层/共6层,定慧北里,定慧寺,5100,简单装修,2室1厅1卫,南北,整租
30 ,海淀,信息,智慧大厦,学院路,3000,,4室1厅3卫,暂无,合租 - 主卧 - 男女不限
145,昌平,中层/共15层,北街家园八区,沙河,4000,简单装修,3室1厅2卫,南北,整租
75 ,丰台,中层/共6层,祥瑞苑,大红门,4400,精装修,2室1厅1卫,南,整租
20 ,朝阳,低层/共6层,北苑南路16号院,北苑,1600,,1室1厅1卫,南,整租
88 ,顺义,中层/共6层,东兴第一社区,顺义城区,3200,精装修,2室1厅1卫,南北,整租
80 ,朝阳,高层/共28层,泛海容郡,石佛营,7000,,2室1厅1卫,南北,整租
70 ,丰台,高层/共6层,洋桥北里,西罗园,3999,中等装修,2室1厅1卫,南,整租
86 ,昌平,高层/共6层,五福家园,沙河,4800,,2室1厅1卫,南北,整租
15 ,房山,北共4层,隆港宾馆,良乡,1650,豪华装修,1室1厅1卫,南,整租
130,西城,高层/共6层,新街口西里一区,新街口,4000,精装修,4室2厅2卫,南北,整租
56 ,朝阳,5层,南三里屯小区,三里屯,7000,精装修,2室1厅1卫,东共,整租
85 ,通州,高层/共23层,融科香雪兰溪  珠江逸景  合生世界村,马驹桥,3300,精装修,2室2厅1卫,南,整租
59 ,房山,低层/共6层,北庄南里,燕山,900,简单装修,2室1厅1卫,南北,整租
96 ,房山,信息,房山长阳区天泰新景,长阳,1500,,2室1厅1卫,暂无,合租 - 主卧 - 男女不限
98 ,昌平,中层/共17层,明天第一城7号院,立水桥,5000,精装修,2室2厅1卫,东南,整租
20 ,海淀,高层/共18层,双榆树知春里小区,双榆树,2500,简单装修,1室1厅1卫,南北,整租
118,房山,高层/共6层,西潞东里,良乡,2800,简单装修,2室2厅1卫,南北,整租
20 ,昌平,信息,紫金新干线一区,回龙观,1950,,2室2厅1卫,暂无,合租 - 次卧 - 男女不限
25 ,昌平,2层,龙锦苑一区,回龙观,1400,精装修,1室0厅1卫,南共,整租
15 ,丰台,信息,长丰园一区,世界公园,800,,1室1厅1卫,暂无,合租 - 主卧 - 男女不限
20 ,通州,中层/共6层,刘庄新村(东区),北关,1100,中等装修,2室1厅1卫,南,合租 - 主卧 - 男女不限
132,朝阳,高层/共16层,首城国际中心,双井,12600,简单装修,2室1厅2卫,西,整租
80 ,朝阳,低层/共28层,泛海容郡,朝阳公园,8500,,2室1厅1卫,南,整租
100,房山,中层/共18层,稻田回迁房,长阳,3700,精装修,3室1厅1卫,南北,整租
112,通州,中层/共12层,葵花社,果园,6300,豪华装修,3室2厅1卫,南北,整租
23 ,房山,4层,东关公寓,良乡,1000,精装修,1室0厅1卫,南共,合租 - 主卧 - 男女不限
133,海淀,低层/共12层,丹青府,永定路,7800,简单装修,3室1厅2卫,南北,整租
75 ,西城,高层/共16层,车公庄大街1号院,车公庄,7800,精装修,2室1厅1卫,南,整租
20 ,昌平,中层/共6层,龙跃苑东四区,回龙观,1600,精装修,3室2厅2卫,北,合租 - 次卧 - 男女不限
43 ,西城,低层/共6层,车公庄中里小区,车公庄,4000,精装修,1室1厅1卫,南,整租
70 ,朝阳,中层/共7层,双龙南里小区,双井,5500,简单装修,2室1厅1卫,南,整租
70 ,西城,低层/共6层,时代之光名苑,西直门,5500,精装修,3室1厅1卫,南,整租
50 ,朝阳,高层/共6层,磨房北里,劲松,4700,豪华装修,1室1厅1卫,南,整租
renovation,address,village,square,area,direction,floor,layout,price,lease_way
精装修,通州北苑,天时名苑,98 ,通州,南北,高层/共12层,2室1厅1卫,5600,整租
精装修,丽泽桥,丽泽景园 周庄子家园 东大街六号院,90 ,丰台,南,高层/共27层,2室1厅1卫,6500,整租
精装修,百子湾,后现代城,126,朝阳,南,中层/共28层,3室1厅2卫,11500,整租
精装修,上地,上地佳园,12 ,海淀,南,中层/共6层,2室1厅1卫,700,合租 - 次卧 - 男女不限
精装修,四季青,中间建筑,360,海淀,南,北共2层,4室2厅3卫,35000,整租
精装修,黄村,盛嘉华苑,90 ,大兴,南北,中层/共18层,3室1厅1卫,3000,整租
,十八里店,垡头南站,18 ,朝阳,南共,3层,1室0厅1卫,1300,整租
简单装修,花家地,东湖湾(西区),100,朝阳,南北,中层/共23层,2室2厅1卫,13000,整租
豪华装修,中关村,保福寺小区,20 ,海淀,南,中层/共12层,3室1厅1卫,3000,合租 - 主卧 - 男女不限
精装修,五棵松,永定路西里小区,75 ,海淀,南北,中层/共12层,2室1厅1卫,6500,整租
精装修,北苑,奥北中心南区,15 ,朝阳,南,中层/共18层,3室1厅1卫,1200,合租 - 隔断 - 男女不限
精装修,丰台,  ,20 ,怡和世家,南,中层/共6层,3室1厅1卫,3460,合租 - 主卧 - 男女不限
精装修,望京,宝星华庭,174,朝阳,南北,高层/共15层,3室2厅2卫,21000,整租
精装修,人民大学,怡秀园,72 ,海淀,西南,中层/共19层,2室1厅1卫,6000,整租
精装修,学院路,石油大院,136,海淀,南北,高层/共14层,3室2厅2卫,8800,整租
豪华装修,苹果园,中海金石公馆,101,石景山,南北,中层/共18层,2室1厅1卫,7000,整租
精装修,上上城青年新城,东低层/共26层,85 ,  暂无信息,东,低层/共26层,2室1厅1卫,1500,整租
精装修,西二旗,上第MOMA,105,海淀,西,中层/共10层,1室1厅1卫,7300,整租
精装修,定福庄,金福家园,106,朝阳,东,中层/共18层,3室1厅1卫,6700,整租
精装修,魏公村,魏公村路8号院,18 ,海淀,南,中层/共22层,3室1厅1卫,1700,合租 - 主卧 - 男女不限
精装修,黄村,翰林庭院,85 ,大兴,南北,低层/共18层,2室1厅1卫,4400,整租
,西红门,瑞海一区(瑞海家园一区),25 ,大兴,南,中层/共6层,3室1厅1卫,1650,合租 - 主卧 - 男女不限
精装修,北苑,清友园,20 ,朝阳,东,中层/共18层,3室1厅1卫,1500,合租 - 主卧 - 男女不限
,香河,公元壹号,50 ,北京周边,南,中层/共8层,1室1厅1卫,1580,整租
精装修,国贸,双惠苑,18 ,朝阳,南,高层/共6层,3室1厅1卫,2000,合租 - 主卧 - 男女不限
,昌平县城,昌平区城北街道财神庙胡同,200,昌平,南,北共2层,8室2厅5卫,13500,整租
,玉泉营,育芳园,15 ,丰台,暂无,信息,2室1厅1卫,2700,合租 - 次卧 - 限女生
精装修,安定门,青年湖北里,63 ,东城,南,低层/共15层,2室1厅1卫,5500,整租
精装修,八角,建西苑北里,16 ,石景山,南,低层/共6层,3室1厅1卫,1600,合租 - 次卧 - 男女不限
豪华装修,亚运村小营,紫薇天悦,120,朝阳,南北,中层/共23层,2室2厅2卫,8500,整租
精装修,上庄,上庄馨瑞嘉园,70 ,海淀,南,中层/共15层,2室1厅1卫,3100,整租
,新发地,风格与林苑(西区),25 ,丰台,暂无,信息,4室2厅3卫,2000,合租 - 次卧 - 男女不限
,燕山,杰辉苑,139,房山,南,高层/共7层,3室1厅2卫,2400,整租
精装修,大望路,金港国际,18 ,朝阳,南北,高层/共6层,2室1厅1卫,2000,合租 - 主卧 - 男女不限
精装修,甘家口,阜北社区,15 ,海淀,北,高层/共6层,2室1厅1卫,2700,合租 - 次卧 - 男女不限
精装修,小汤山,金科帕提欧,97 ,昌平,南北,高层/共9层,2室2厅1卫,4000,整租
精装修,清河,强佑清河新城,150,海淀,南北,中层/共22层,3室1厅2卫,9300,整租
豪华装修,双桥,远洋一方溪语苑,90 ,朝阳,南北,高层/共11层,2室2厅1卫,5100,整租
精装修,西北旺,永旺家园(二区),17 ,海淀,南,低层/共12层,3室1厅1卫,1800,合租 - 主卧 - 男女不限
精装修,北七家,王府花园,200,昌平,东,北共3层,4室2厅3卫,9000,整租
精装修,常营,常营公元,37 ,朝阳,东,低层/共23层,1室0厅1卫,4500,整租
精装修,望京,东辛店,18 ,朝阳,南,北共3层,1室0厅1卫,1500,整租
,沙河,于辛新村,113,昌平,南,中层/共6层,3室2厅2卫,4800,整租
精装修,紫竹桥,玫瑰御园,162,海淀,南北,高层/共11层,3室2厅2卫,17900,整租
精装修,六里桥,首科花园,120,丰台,南北,中层/共25层,3室1厅1卫,7500,整租
精装修,梨园,K2海棠湾,90 ,通州,南北,高层/共26层,2室1厅1卫,4500,整租
精装修,奥林匹克公园,懿品阁,47 ,朝阳,北,中层/共21层,1室1厅1卫,4500,整租
精装修,建外大街,长安驿,79 ,朝阳,北,中层/共30层,1室1厅1卫,8000,整租
精装修,甘家口,首体南路1号院,28 ,海淀,南共,4层,1室1厅1卫,5000,整租
精装修,官园,社科院机关宿舍楼,20 ,西城,南,中层/共19层,2室1厅1卫,2400,合租 - 主卧 - 男女不限
精装修,酒仙桥,远洋邦舍,41 ,朝阳,南共,5层,1室1厅1卫,5940,整租
精装修,双桥,艺水芳园,65 ,朝阳,南,低层/共15层,1室1厅1卫,4900,整租
精装修,金融街,丰汇园,41 ,西城,北,高层/共10层,1室1厅1卫,8500,整租
精装修,科技园区,天龙华鹤,150,丰台,南,高层/共30层,3室2厅1卫,8500,整租
精装修,西红门,瑞海三区(瑞海家园三区),124,大兴,南北,高层/共6层,3室2厅2卫,5200,整租
,西红门,瑞海一区(瑞海家园一区),20 ,大兴,暂无,信息,3室2厅2卫,1750,合租 - 主卧 - 男女不限
精装修,运河大街,中上园,250,通州,南北,中层/共11层,2室1厅1卫,2500,整租
精装修,西三旗,金榜园,15 ,海淀,南,中层/共6层,1室1厅1卫,1600,合租 - 次卧 - 男女不限
,陶然亭,太平街17号院,28 ,宣武,暂无,信息,2室1厅1卫,3200,合租 - 主卧 - 男女不限
精装修,科技园区,怡海花园,140,丰台,南北,中层/共6层,3室2厅2卫,8000,整租
简单装修,紫竹桥,华澳中心公寓,107,海淀,东北,低层/共21层,1室1厅1卫,9500,整租
,北苑,佳兴园,80 ,朝阳,东北,低层/共18层,2室2厅1卫,6400,整租
精装修,立水桥,卢卡新天地,23 ,昌平,南,中层/共26层,3室1厅1卫,1800,合租 - 次卧 - 男女不限
,八里桥,通州区,28 ,通州,暂无,信息,1室1厅1卫,1600,合租 - 主卧 - 男女不限
精装修,清河,清景园,100,海淀,南,低层/共6层,2室1厅1卫,5999,整租
,双桥,咸宁侯,20 ,朝阳,南共,5层,1室1厅1卫,1300,整租
,双桥,咸宁侯村南口,20 ,朝阳,暂无,信息,1室1厅1卫,900,合租 - 主卧 - 男女不限
精装修,亦庄,鹿海园三里,18 ,大兴,南,低层/共6层,2室1厅1卫,1380,合租 - 主卧 - 男女不限
豪华装修,团结湖,富力爱丁堡公馆,97 ,朝阳,北,中层/共22层,1室1厅2卫,16000,整租
,酒仙桥,邦舍,40 ,朝阳,南,北共5层,1室1厅1卫,5611,整租
精装修,三元桥,凤凰城,103,朝阳,西北,低层/共38层,2室2厅1卫,18000,整租
精装修,四季青,德顺园,25 ,海淀,南,中层/共6层,3室1厅1卫,2000,合租 - 主卧 - 男女不限
精装修,安贞,胜古南里,45 ,朝阳,南,高层/共6层,1室1厅1卫,4700,整租
精装修,马连道,欧园北欧印象,38 ,宣武,南,高层/共26层,1室1厅1卫,3500,整租
精装修,马连洼,万树园,30 ,海淀,南,中层/共6层,3室2厅2卫,2700,合租 - 主卧 - 男女不限
精装修,北苑,旭辉奥都,110,朝阳,南北,中层/共25层,2室1厅1卫,5300,整租
,沙河,恒大城5号院,92 ,昌平,南,中层/共22层,3室2厅1卫,3800,整租
,西直门,迈豪时代,23 ,西城,暂无,信息,3室1厅1卫,2000,合租 - 主卧 - 男女不限
精装修,西红门,瑞海三区(瑞海家园三区),22 ,大兴,南,中层/共6层,3室2厅2卫,1700,合租 - 主卧 - 男女不限
精装修,崇文门,崇文门东大街社区,21 ,崇文,南,中层/共6层,2室1厅1卫,1970,合租 - 主卧 - 男女不限
,马驹桥,正规精装公寓,38 ,通州,南,低层/共6层,1室0厅1卫,2600,整租
精装修,百子湾,金泰先锋,100,朝阳,南北,高层/共21层,2室2厅1卫,7500,整租
简单装修,石门,前进花园石门苑,92 ,顺义,南北,高层/共6层,2室1厅1卫,3300,整租
精装修,学院路,富润家园,55 ,海淀,南北,中层/共25层,1室1厅1卫,4500,整租
精装修,通州周边,次渠嘉园八区,50 ,通州,南北,中层/共27层,2室1厅1卫,3500,整租
精装修,马连洼,裕和嘉园,17 ,海淀,北,低层/共9层,3室1厅1卫,1900,合租 - 次卧 - 男女不限
精装修,CBD ,水碓子北里,40 ,朝阳,南,中层/共6层,1室0厅1卫,3200,整租
精装修,定慧寺,诚品建筑,254,海淀,南,高层/共12层,4室2厅2卫,25000,整租
,右安门,世纪金色嘉园,138,丰台,南,高层/共24层,2室2厅1卫,9400,整租
中等装修,四惠,爱这城一期,15 ,朝阳,东共,1层,1室1厅1卫,3000,合租 - 主卧 - 男女不限
精装修,通州周边,次渠嘉园四区,50 ,通州,南北,中层/共27层,1室1厅1卫,2600,整租
精装修,太阳宫,火星园,94 ,朝阳,南北,中层/共24层,2室1厅1卫,12000,整租
精装修,玉泉营,三环新城8号院,99 ,丰台,南,高层/共22层,2室1厅1卫,5400,整租
精装修,学院路,富润家园,103,海淀,南,低层/共20层,2室1厅1卫,7500,整租
精装修,鲁谷,紫御国际,80 ,石景山,北,低层/共24层,2室1厅1卫,7000,整租
精装修,北关,华龙小区二期,80 ,通州,南,中层/共31层,2室1厅1卫,4500,整租
豪华装修,广安门外,荣丰2008,87 ,西城,南,低层/共26层,2室2厅1卫,4300,整租
精装修,五里坨,新河小区,16 ,石景山,南,中层/共6层,3室1厅1卫,1480,合租 - 主卧 - 男女不限
精装修,东高地,三角地,70 ,丰台,南北,中层/共6层,2室1厅1卫,3600,整租
简单装修,霍营,华龙苑中里(北区),65 ,昌平,南,中层/共6层,1室1厅1卫,3900,整租
精装修,回龙观,朱辛庄南区,12 ,昌平,南,中层/共6层,2室1厅1卫,600,合租 - 次卧 - 男女不限
精装修,玉泉营,三环新城7号院,54 ,丰台,西,中层/共18层,1室1厅1卫,4700,整租
简单装修,东直门,万国城MOMA,66 ,东城,南北,中层/共18层,1室1厅1卫,2600,整租
,菜户营,金泰城丽湾,48 ,丰台,北,中层/共18层,1室0厅1卫,4500,整租
精装修,牡丹园,牡丹园东里,65 ,海淀,南,中层/共6层,2室1厅1卫,7000,整租
renovation,village,layout,price,floor,address,square,direction,lease_way,area
精装修,小悦中心,2室1厅2卫,6500,中层/共12层,朝青板块,76 ,东,整租,朝阳
精装修,新海北里北区,2室1厅1卫,3600,中层/共6层,马驹桥,86 ,南,整租,通州
精装修,泛海容郡,3室2厅3卫,50000,低层/共25层,朝阳公园,209,南北,整租,朝阳
精装修,兴隆都市馨园,1室0厅1卫,4700,中层/共7层,崇文门,29 ,西,整租,崇文
精装修,泰中花园,3室2厅2卫,6500,高层/共18层,黄村,136,南,整租,大兴
精装修,梵谷水郡,3室1厅1卫,2600,中层/共24层,酒仙桥,17 ,南,合租 - 次卧 - 男女不限,朝阳
精装修,厂洼小区,3室1厅1卫,7000,中层/共19层,厂洼,98 ,南北,整租,海淀
,左家庄北里,3室1厅1卫,2000,信息,左家庄,22 ,暂无,合租 - 次卧 - 男女不限,朝阳
豪华装修,南岸一号,9室4厅6卫,120000,北共4层,高碑店,130,南,整租,朝阳
豪华装修,东恒时代,2室2厅1卫,8000,高层/共26层,四惠,96 ,南北,整租,朝阳
精装修,卢卡新天地,3室1厅1卫,1800,中层/共26层,立水桥,23 ,南,合租 - 次卧 - 男女不限,昌平
,龙湖蔚澜香醍,3室2厅2卫,1800,信息,果园,186,暂无,合租 - 次卧 - 限女生,通州
,通州区,1室1厅1卫,1600,信息,八里桥,28 ,暂无,合租 - 主卧 - 男女不限,通州
,邦舍,1室1厅1卫,5611,北共5层,酒仙桥,40 ,南,整租,朝阳
精装修,北营房小区,3室1厅1卫,1990,5层,阜成门,28 ,南共,合租 - 次卧 - 限女生,西城
豪华装修,芳群园二区,2室1厅1卫,5000,中层/共22层,方庄,95 ,南北,整租,丰台
精装修,天资华府,3室2厅2卫,1250,中层/共18层,长阳,20 ,南,合租 - 主卧 - 男女不限,房山
精装修,金泉家园,2室1厅1卫,4000,低层/共26层,亚运村,30 ,南,合租 - 主卧 - 男女不限,朝阳
精装修,强佑清河新城,1室1厅1卫,5200,低层/共27层,清河,62 ,北,整租,海淀
精装修,万年花城二期,2室1厅1卫,6500,高层/共27层,玉泉营,75.,西北,整租,丰台
精装修,融泽嘉园二号院(西区),4室1厅1卫,8000,高层/共32层,龙泽,120,南北,整租,昌平
精装修,远洋山水,1室1厅1卫,4650,高层/共26层,鲁谷,71 ,南,整租,石景山
简单装修,领秀硅谷3区,4室2厅4卫,31000,北共3层,西二旗,316,南,整租,海淀
简单装修,田家园小区,2室1厅1卫,1800,中层/共6层,窦店,92 ,南北,整租,房山
,太平街17号院,2室1厅1卫,3200,信息,陶然亭,28 ,暂无,合租 - 主卧 - 男女不限,宣武
豪华装修,承泽园,3室1厅1卫,2100,中层/共12层,西苑,15 ,南,合租 - 主卧 - 男女不限,海淀
,咸宁侯村南口,1室1厅1卫,900,信息,双桥,20 ,暂无,合租 - 主卧 - 男女不限,朝阳
豪华装修,悠唐麒麟公馆,1室1厅1卫,11000,中层/共28层,东大桥,75 ,南,整租,朝阳
精装修,怡丽南园,3室2厅1卫,12000,中层/共6层,世纪城,120,南北,整租,海淀
,望春园,2室1厅1卫,900,信息,北苑,12 ,暂无,合租 - 隔断 - 男女不限,朝阳
精装修,珠江帝景E区,2室1厅2卫,12500,高层/共15层,大望路,114,南,整租,朝阳
中等装修,民旺园19号院,3室1厅1卫,8800,中层/共6层,和平里,103,南,整租,东城
精装修,中国铁建国际花园(2号院),3室1厅1卫,3400,高层/共18层,长阳,88 ,南北,整租,房山
精装修,天天朝阳,1室0厅1卫,4500,中层/共16层,甘露园,38 ,东,整租,朝阳
,天宫院小区,2室1厅1卫,4000,中层/共15层,黄村,90 ,南,整租,大兴
豪华装修,太阳公元,2室2厅2卫,18000,低层/共25层,太阳宫,137,南北,整租,朝阳
,佳兴园,2室2厅1卫,6400,低层/共18层,北苑,80 ,东北,整租,朝阳
豪华装修,倚林佳园,4室2厅2卫,24000,高层/共10层,奥林匹克公园,200,南北,整租,朝阳
精装修,魔方公寓,1室1厅1卫,4800,中层/共7层,太阳宫,25 ,南,整租,朝阳
精装修,南方庄小区,1室1厅1卫,3999,中层/共6层,方庄,40 ,东,整租,丰台
精装修,远洋天地,2室1厅1卫,9800,高层/共30层,四惠,120,东南,整租,朝阳
,百环家园,2室1厅1卫,8400,中层/共28层,双井,110,西南,整租,朝阳
price,address,floor,direction,renovation,village,lease_way,layout,square,area
8000,五道口,中层/共6层,南,豪华装修,地质大学家属院,整租,3室2厅1卫,98 ,海淀
3300,武夷花园,低层/共28层,南北,精装修,荔景园,整租,2室1厅1卫,98 ,通州
1600,回龙观,中层/共6层,南,精装修,龙跃苑东五区,合租 - 次卧 - 男女不限,3室2厅2卫,18 ,昌平
1700,菜户营,低层/共25层,南,精装修,鹏润家园,合租 - 主卧 - 男女不限,5室2厅2卫,15 ,丰台
9800,朝青板块,中层/共29层,东南,简单装修,朝阳园,整租,2室1厅2卫,125,朝阳
4600,管庄,高层/共6层,南北,精装修,管庄西里,整租,2室1厅1卫,72 ,朝阳
6500,洋桥,中层/共18层,东,精装修,东丽温泉家园,整租,2室1厅1卫,117,丰台
1500,回龙观,中层/共6层,南,精装修,和谐家园二区,合租 - 次卧 - 男女不限,3室2厅2卫,20 ,昌平
8000,三里河,中层/共25层,南北,精装修,远见名苑(二期),整租,2室2厅1卫,90 ,西城
4700,大红门,中层/共12层,南北,精装修,益丰园,整租,2室1厅1卫,80 ,丰台
9000,中央别墅区,低层/共14层,南,精装修,中粮祥云 艾迪城 海航国兴城,整租,2室2厅2卫,156,顺义
1600,黄村,中层/共6层,南,精装修,丽园C区,合租 - 次卧 - 男女不限,3室1厅1卫,15 ,大兴
2200,密云城区,低层/共18层,南北,精装修,华远澜悦,整租,3室2厅1卫,88 ,密云
1900,回龙观,高层/共6层,北,精装修,龙跃苑东四区,合租 - 次卧 - 男女不限,1室0厅0卫,18 ,昌平
5800,草桥,中层/共26层,东,精装修,玺萌鹏苑,整租,2室1厅1卫,92 ,丰台
2800,昌平县城,中层/共6层,南,精装修,昌盛园二区,整租,2室1厅1卫,120,昌平
2800,石门,中层/共6层,南北,简单装修,西辛南区,整租,2室1厅1卫,72 ,顺义
550,南磨房,低层/共26层,南北,精装修,百环家园,合租 - 男女不限,4室1厅1卫,18 ,朝阳
8500,其他,低层/共16层,东西,精装修,橡树湾,整租,3室1厅1卫,97.,北京周边
2000,燕山,高层/共6层,南北,精装修,迎风六里二区,整租,2室1厅1卫,93 ,房山
3777,卢沟桥,低层/共28层,南,精装修,广安康馨家园(南区),整租,1室1厅1卫,56 ,丰台
1480,西二旗,低层/共28层,南,精装修,智学苑,合租 - 次卧 - 男女不限,4室2厅2卫,20 ,海淀
3500,长阳,中层/共16层,南北,精装修,中粮万科长阳半岛,整租,2室1厅1卫,88 ,房山
12000,土桥,北共2层,南,精装修, ,整租,5室2厅2卫,300,通州
5300,马连道,中层/共22层,东,简单装修,常青藤嘉园,整租,1室1厅1卫,64 ,宣武
2500,四惠,中层/共29层,南,精装修,北花园小区1,合租 - 主卧 - 男女不限,3室1厅2卫,35 ,朝阳
8300,望京,高层/共20层,南,精装修,望京西园四区,整租,2室1厅1卫,101,朝阳
6200,潘家园,中层/共6层,南北,精装修,建业苑,整租,2室1厅1卫,85 ,朝阳
2400,回龙观,信息,暂无,,龙锦苑东二区,合租 - 主卧 - 男女不限,3室1厅2卫,35 ,昌平
5399,望京,中层/共26层,东南,精装修,南湖中园一区,整租,1室1厅1卫,70 ,朝阳
6300,常营,高层/共22层,西北,精装修,柏林爱乐(一期),整租,2室1厅1卫,81.,朝阳
5500,通州北苑,中层/共28层,南北,精装修,天时名苑,整租,2室2厅1卫,100,通州
180000,科技园区,北共2层,南,中等装修,北京国际花园,整租,5室3厅3卫,160,丰台
3100,安贞,低层/共20层,南,中等装修,胜古家园,合租 - 主卧 - 男女不限,3室1厅1卫,25 ,朝阳
4300,定福庄,中层/共6层,南北,简单装修,定福庄西街,整租,2室1厅1卫,60 ,朝阳
1400,马驹桥,中层/共18层,南,精装修,首开国风美仑,合租 - 主卧 - 男女不限,3室1厅1卫,28 ,通州
4600,石景山周边,低层/共21层,南,精装修,古城现代嘉园(西区),整租,2室1厅1卫,75 ,石景山
5500,百子湾,高层/共26层,南,精装修,沿海赛洛城北区,整租,1室1厅1卫,65 ,朝阳
1800,上地,中层/共6层,南,豪华装修,上地西里风芳园,合租 - 主卧 - 男女不限,3室1厅1卫,15 ,海淀
1300,回龙观,信息,暂无,,龙腾苑二区,合租 - 次卧 - 男女不限,3室1厅2卫,23 ,昌平
4000,古城,中层/共6层,南北,精装修,古城南路小区东区,整租,2室1厅1卫,65 ,石景山
5400,劲松,低层/共18层,南,精装修,农光里小区,整租,2室1厅1卫,81 ,朝阳
6500,牡丹园,高层/共6层,南北,精装修,牡丹园,整租,2室1厅1卫,65 ,海淀
2499,常营,信息,暂无,,首开东都汇别墅,合租 - 次卧 - 男女不限,2室2厅1卫,18 ,朝阳
4600,长辛店,中层/共18层,南北,精装修,园博嘉园(西区),整租,2室1厅1卫,88 ,丰台
3000,马驹桥,中层/共15层,南北,精装修,富力尚悦居,整租,2室2厅1卫,80 ,通州
6500,中关村,中层/共15层,南北,精装修,永丰嘉园(百旺杏林湾),整租,3室2厅2卫,140,海淀
1900,宋家庄,信息,暂无,,鑫兆雅园(南区,合租 - 主卧 - 男女不限,3室1厅1卫,30 ,丰台
5700,金顶街,低层/共24层,东北,精装修,金顶街五区,整租,3室1厅1卫,112,石景山
2500,良乡,中层/共14层,南北,精装修,玉竹园,整租,2室1厅1卫,88 ,房山
8800,双井,高层/共28层,西,,后现代城D区,整租,2室2厅1卫,88 ,朝阳
6800,木樨地,高层/共16层,南北,精装修,木樨地北里,整租,2室1厅1卫,80 ,西城
1700,管庄,中层/共32层,北,简单装修,北京新天地(东区),合租 - 次卧 - 男女不限,1室1厅1卫,15 ,朝阳
10000,八里庄,高层/共16层,南北,精装修,东恒时代(二期),整租,2室1厅1卫,96 ,朝阳
6000,望京,低层/共6层,南北,精装修,花家地西里一区,整租,2室1厅1卫,86 ,朝阳
260000,鼓楼,1层,南共,豪华装修,鼓楼四合院,整租,9室9厅9卫,110,西城
4200,良乡,高层/共17层,南北,豪华装修,瑞雪春堂,整租,3室1厅2卫,119,房山
5800,龙潭湖,低层/共18层,南北,精装修,左安漪园,整租,1室1厅1卫,75 ,崇文
2000,朝阳,信息,暂无,,  ,合租 - 次卧 - 男女不限,3室2厅2卫,25 ,珠江绿洲家园
1950,宋家庄,信息,暂无,,顶秀金颐家园,合租 - 主卧 - 男女不限,2室1厅1卫,25 ,丰台
2500,甘家口,4层,南共,中等装修,甘家口8号院,合租 - 主卧 - 限女生,2室1厅1卫,25 ,海淀
5400,皂君庙,高层/共6层,南,精装修,皂君东里,整租,1室1厅1卫,57 ,海淀
2800,新华大街,中层/共6层,南北,简单装修,新城东里,整租,2室1厅1卫,90 ,通州
1200,潘家园,中层/共16层,南,精装修,嘉禾园小区,合租 - 次卧 - 男女不限,3室1厅1卫,14 ,朝阳
1000,城北,信息,暂无,,西关环岛北郝庄,整租,1室1厅1卫,30 ,昌平
4300,后沙峪,中层/共9层,西,精装修,北京方糖,整租,1室1厅1卫,53 ,顺义
2020,通州北苑,信息,暂无,, ,合租 - 次卧 - 男女不限,3室1厅2卫,20 ,通州
2600,牡丹园,信息,暂无,,北三环中路44号院,合租 - 主卧 - 男女不限,3室1厅1卫,19 ,海淀
1900,丽泽桥,低层/共18层,南,精装修,丽新怡园,合租 - 主卧 - 男女不限,2室1厅1卫,22 ,丰台
1550,苏州街,中层/共6层,南,精装修,万泉庄小区,合租 - 次卧 - 男女不限,3室1厅1卫,17 ,海淀
11000,朝青板块,高层/共15层,西,精装修,天鹅湾北区,整租,2室2厅2卫,66 ,朝阳
8000,望京,高层/共26层,东南,精装修,望京西园四区,整租,2室1厅1卫,92 ,朝阳
6000,广渠门,中层/共6层,南,,夕照寺西里,整租,1室1厅1卫,45 ,崇文
4650,小西天,低层/共6层,南,精装修,文慧园,整租,1室1厅1卫,56 ,海淀
5500,北七家,低层/共6层,南北,简单装修,望都新地北区,整租,3室1厅2卫,137,昌平
7200,右安门,低层/共24层,东南,精装修,鼎立家园,整租,2室1厅1卫,103,丰台
14000,望京,高层/共32层,东南,简单装修,金隅国际,整租,2室1厅1卫,119,朝阳
11800,双井,中层/共28层,东南,精装修,百环家园,整租,3室2厅2卫,140,朝阳
2000,四惠,中层/共29层,南,精装修,北花园小区(2号院),合租 - 主卧 - 男女不限,3室1厅1卫,25 ,朝阳
1700,新宫,高层/共6层,南,精装修,德鑫嘉园,合租 - 次卧 - 男女不限,5室1厅2卫,16 ,丰台
1900,十里堡,信息,暂无,,十里堡东里,合租 - 次卧 - 男女不限,3室1厅1卫,20 ,朝阳
2300,朝阳公园,信息,暂无,, ,合租 - 次卧 - 限女生,2室1厅1卫,17 ,朝阳
6800,紫竹桥,中层/共12层,南北,精装修,颐慧佳园,整租,3室2厅1卫,164,海淀
3900,刘家窑,中层/共6层,南北,精装修,定安东里,整租,2室1厅1卫,70 ,丰台
4800,右安门,中层/共6层,南北,简单装修,玉林东里一区,整租,2室1厅1卫,65 ,丰台
1799,物资学院路,低层/共28层,南,精装修,新建村,整租,3室0厅1卫,25 ,通州
7000,望京,低层/共32层,东,精装修,季景沁园,整租,1室1厅1卫,75 ,朝阳
1880,回龙观,中层/共6层,南,精装修,马连店家园,合租 - 主卧 - 男女不限,3室2厅2卫,26 ,昌平
9000,广安门外,高层/共26层,南,精装修,西堤红山,整租,2室1厅1卫,96 ,西城
850,四季青,低层/共15层,南,精装修,常青园一区,合租 - 次卧 - 男女不限,5室1厅1卫,11 ,海淀
6500,健翔桥,高层/共13层,东,精装修,健翔国际公寓,整租,1室1厅1卫,68 ,朝阳
3900,方庄,低层/共26层,南,精装修,芳群园二区,整租,1室1厅1卫,53 ,丰台
2850,红庙,低层/共6层,南,精装修,金台里,合租 - 主卧 - 男女不限,2室1厅1卫,25 ,朝阳
26000,朝阳门,低层/共11层,南北,精装修,朝阳首府,整租,3室1厅1卫,183,东城
3900,梨园,低层/共6层,南北,毛坯,葛布店东里,整租,2室2厅1卫,90 ,通州
1600,其他,高层/共18层,东,,金桥澎湖山庄,整租,2室1厅1卫,95 ,北京周边
layout,price,floor,address,renovation,direction,area,village,square,lease_way
1室1厅1卫,5300,高层/共6层,三元桥,精装修,南,朝阳,顺源里小区,45 ,整租
2室1厅1卫,2600,中层/共6层,清华大学,精装修,南,海淀,清华园,20 ,合租 - 主卧 - 男女不限
4室2厅3卫,30000,1层,嘉园,,东共,丰台,北甲地,650,整租
1室1厅1卫,3200,1层,安定门,,南共,东城,张旺胡同小区,20 ,整租
2室1厅1卫,4800,低层/共6层,亦庄,简单装修,南,大兴,南海家园,90 ,整租
2室1厅1卫,2980,低层/共18层,黄村,精装修,南北,大兴,蓝桥驿苑,100,整租
2室1厅1卫,6800,中层/共23层,潘家园,精装修,南,朝阳,美景东方,80 ,整租
2室1厅1卫,3600,中层/共6层,古城,精装修,南北,石景山,古城南路小区西区,65 ,整租
1室0厅1卫,6200,高层/共16层,北沙滩,,南,朝阳,中介勿扰别逼我骂人中天国际公寓,47 ,整租
2室1厅1卫,2300,中层/共6层,北太平庄,精装修,南,海淀,月季园小区,25 ,合租 - 次卧 - 限女生
1室2厅1卫,12000,低层/共12层,双井,豪华装修,南北,朝阳,乐成公馆,98 ,整租
3室1厅1卫,3000,中层/共24层,广渠门,精装修,东,崇文,丽水湾畔家园,30 ,合租 - 主卧 - 男女不限
1室0厅1卫,4500,中层/共16层,崇文门,精装修,南,崇文,新景家园东区,50 ,整租
1室0厅1卫,3600,低层/共28层,常营,,南,朝阳,中弘北京像素南区,50 ,整租
2室1厅1卫,7300,高层/共28层,朝阳公园,精装修,南北,朝阳,泛海容郡,80 ,整租
2室1厅1卫,6100,低层/共21层,回龙观,精装修,东西,昌平,首开国风美唐朗观,81 ,整租
2室2厅1卫,1300,高层/共18层,燕顺路,精装修,南,燕郊,上上城第三季,86 ,整租
1室1厅1卫,4400,中层/共6层,甜水园,精装修,南,朝阳,甜水园北里,54 ,整租
1室1厅1卫,3500,高层/共12层,朝青板块,精装修,南,朝阳,珠江罗马嘉园(西区),30 ,合租 - 主卧 - 男女不限
4室2厅3卫,33000,高层/共9层,长椿街,简单装修,南北,宣武,庄胜二期芳芷苑,229,整租
3室1厅1卫,9400,中层/共28层,劲松,精装修,西,朝阳,华腾园,110,整租
1室0厅1卫,1200,北共4层,清华大学西北门，水磨社区,中等装修,南,  暂无信息,南北共4层,25 ,合租 - 主卧 - 限男生
2室1厅1卫,6500,低层/共6层,双榆树,精装修,南北,海淀,人大附中社区,72 ,整租
2室1厅1卫,6400,低层/共24层,高碑店,精装修,南,朝阳,兴隆家园北区,75 ,整租
2室2厅2卫,11000,高层/共25层,方庄,精装修,南,丰台,时代芳群,128,整租
3室1厅2卫,700,信息,天通苑,,暂无,昌平,天通苑西三区,19 ,合租 - 次卧 - 男女不限
2室2厅2卫,5700,低层/共9层,中央别墅区,精装修,南,顺义,中粮祥云国际生活区,65 ,整租
2室1厅1卫,7000,中层/共12层,五棵松,豪华装修,南北,海淀,金沟河路12号院,86 ,整租
2室2厅1卫,4500,中层/共6层,西北旺,精装修,南北,海淀,颐和山庄,90 ,整租
3室2厅2卫,7500,低层/共18层,通州北苑,精装修,南北,通州,朗峰嘉园,160,整租
2室2厅2卫,6200,中层/共11层,亦庄,精装修,南北,大兴,一品亦庄,120,整租
1室1厅1卫,5000,低层/共6层,南沙滩,精装修,南,朝阳,南沙滩小区,66 ,整租
2室1厅1卫,3800,高层/共15层,梨园,精装修,南,通州,园景东区,85 ,整租
2室2厅1卫,1800,高层/共33层,城区,精装修,南北,燕郊,天洋城,86 ,整租
1室1厅1卫,4000,低层/共6层,车公庄,精装修,南,西城,车公庄中里小区,43 ,整租
2室1厅1卫,1600,中层/共16层,新宫,豪华装修,北,丰台,御槐园,17 ,合租 - 次卧 - 男女不限
1室1厅1卫,5500,低层/共9层,三里屯,精装修,南,朝阳,格纳斯,65 ,整租
2室1厅1卫,4500,低层/共6层,土桥,精装修,南北,通州,迎喜家园,90 ,整租
3室1厅1卫,2490,信息,姚家园,,暂无,朝阳,青年路姚家园东里7号院,15 ,合租 - 主卧 - 男女不限
2室1厅1卫,2500,低层/共18层,工体,精装修,南,朝阳,工体西里小区,25 ,合租 - 主卧 - 男女不限
2室1厅1卫,2600,中层/共7层,土桥,精装修,南,通州,自由筑,56 ,整租
2室1厅1卫,2460,低层/共28层,丽泽桥,精装修,南,丰台,丽新怡园,26 ,合租 - 次卧 - 男女不限
1室1厅2卫,5500,中层/共8层,中央别墅区,,北,顺义,中粮祥云,58 ,整租
2室1厅1卫,1850,中层/共15层,角门,精装修,南,丰台,新新天第(三星庄2号院),18 ,合租 - 主卧 - 男女不限
3室1厅1卫,3000,中层/共12层,西二旗,豪华装修,南,海淀,智学苑,20 ,合租 - 主卧 - 男女不限
1室0厅1卫,6800,中层/共26层,双井,精装修,南,朝阳,百环家园 苹果社区 首城国际 九龙花园  时代国际 金港国际 东方雅苑 易构空间 风度柏林 珠江帝景,68 ,整租
2室2厅2卫,15000,高层/共23层,双井,精装修,南,朝阳,富力城D区,106,整租
2室1厅1卫,4600,中层/共28层,东坝,精装修,南北,朝阳,金隅汇景苑二区,90 ,整租
1室0厅1卫,1000,中层/共28层,沙河,精装修,南,昌平,北街家园五区,18 ,整租
2室1厅1卫,3000,信息,南磨房,,暂无,朝阳,官悦欣园(B区),30 ,合租 - 主卧 - 限女生
3室2厅2卫,24000,高层/共16层,崇文门,,南,崇文,北京市崇文门国瑞城西区,170,整租
2室1厅2卫,18000,中层/共25层,CBD ,精装修,西北,朝阳,圣世一品,115,整租
2室1厅1卫,1800,信息,中央别墅区,,暂无,顺义,天裕昕园(西区),10 ,合租 - 次卧 - 男女不限
2室1厅1卫,5600,中层/共6层,龙潭湖,精装修,南,崇文,双玉中街37号院,60 ,整租
2室1厅1卫,4300,高层/共16层,新宫,精装修,南北,丰台,阳光星苑(南区),80 ,整租
2室1厅1卫,3600,高层/共22层,黄村,精装修,南北,大兴,大洼回迁房,89 ,整租
3室1厅1卫,1800,高层/共22层,鲁谷,精装修,南,石景山,六合园,18 ,合租 - 隔断 - 男女不限
5室2厅3卫,6000,高层/共8层,阎村,毛坯,南北,房山,绿城百合天风苑,215,整租
3室1厅1卫,2200,信息,旧宫 ,,暂无,大兴,佳和园小区,15 ,合租 - 次卧 - 男女不限
1室0厅1卫,1300,北共2层,北关,简单装修,南,通州,潞苑嘉园,25 ,整租
1室1厅1卫,5500,高层/共6层,崇文门,精装修,南,崇文,兴隆都市馨园,53 ,整租
2室2厅2卫,40000,高层/共18层,王府井,豪华装修,南,东城,北京万豪行政公寓,118,整租
2室1厅1卫,6000,高层/共15层,知春路,中等装修,南,海淀,蓟门里东里,65 ,整租
2室1厅1卫,2900,高层/共28层,马坡,精装修,南北,顺义,顺悦居,80 ,整租
3室1厅2卫,3500,高层/共21层,大望路,简单装修,南,朝阳,金港国际,36 ,合租 - 主卧 - 男女不限
3室1厅1卫,7800,高层/共18层,惠新西街,精装修,东南,朝阳,安苑北里,85 ,整租
3室1厅1卫,1900,中层/共6层,四季青,精装修,南,海淀,和泓四季,25 ,合租 - 主卧 - 男女不限
2室1厅1卫,2200,中层/共6层,甜水园,精装修,南,朝阳,甜水园东里,21 ,合租 - 主卧 - 男女不限
2室1厅1卫,7000,低层/共21层,东直门,精装修,南,东城,春秀路小区,66.,整租
3室1厅1卫,1650,中层/共26层,朝青板块,精装修,南,朝阳,朗园(星河湾),19 ,合租 - 主卧 - 男女不限
2室1厅1卫,4800,高层/共16层,科技园区,精装修,南北,丰台,白盆窑天兴家园,72 ,整租
2室1厅1卫,1600,低层/共28层,东市区,精装修,南北,燕郊,福城上上城五期,100,整租
3室2厅1卫,5300,中层/共28层,昌平县城,精装修,南北,昌平,金隅万科城,123,整租
3室1厅2卫,2500,信息,垡头,,暂无,朝阳,金蝉南里,15 ,合租 - 次卧 - 男女不限
2室1厅1卫,2200,信息,来广营,,暂无,朝阳, ,15 ,合租 - 隔断 - 限女生
3室2厅2卫,2800,低层/共22层,立水桥,精装修,南,昌平,顶秀青溪,34 ,合租 - 主卧 - 男女不限
2室1厅1卫,3200,中层/共12层,生物医药基地,精装修,南北,大兴,金融街融汇,80 ,整租
1室1厅1卫,1600,中层/共11层,通州周边,简单装修,南北,通州,东亚印象台湖,42 ,整租
2室1厅1卫,1950,中层/共6层,西红门,精装修,北,大兴,瑞海二区(瑞海家园二区),15 ,合租 - 次卧 - 男女不限
3室2厅2卫,2000,高层/共32层,新华大街,豪华装修,南,通州,富力运河10号小区,25 ,合租 - 次卧 - 男女不限
1室1厅1卫,5200,中层/共6层,五道口,精装修,南北,海淀,清华大学家属院,50 ,整租
3室1厅1卫,2000,中层/共15层,北苑,精装修,南,朝阳,立城苑,25 ,合租 - 主卧 - 男女不限
3室1厅1卫,2700,低层/共16层,三元桥,精装修,南,朝阳,顺源里小区,20 ,合租 - 主卧 - 男女不限
3室1厅1卫,5000,高层/共28层,东坝,精装修,南北,朝阳,金隅汇景苑四区,95 ,整租
1室1厅1卫,2000,信息,北京市通州区运河西大街35号,,暂无,  暂无信息,暂无信息,25 ,合租 - 主卧 - 男女不限
3室1厅1卫,3000,中层/共6层,三元桥,精装修,南北,朝阳,三源里生态小区,23 ,合租 - 主卧 - 男女不限
3室1厅1卫,1800,中层/共7层,慈云寺,精装修,南,朝阳,八里庄西里,20 ,合租 - 次卧 - 男女不限
2室1厅1卫,4800,低层/共6层,广渠门,精装修,南北,朝阳,广渠家园,70 ,整租
2室2厅1卫,2500,低层/共22层,亦庄,精装修,南北,大兴,满庭春,96 ,整租
3室2厅2卫,1500,中层/共14层,北苑,精装修,南,朝阳,立城苑,20 ,合租 - 主卧 - 男女不限
1室0厅0卫,5500,低层/共14层,崇文门,精装修,北,崇文,新裕家园,37 ,整租
1室1厅1卫,4500,北共4层,十里堡,精装修,南,朝阳,十里堡东里,40 ,整租
2室2厅1卫,3300,高层/共23层,马驹桥,精装修,南,通州,融科香雪兰溪  珠江逸景  合生世界村,85 ,整租
2室1厅1卫,2399,低层/共6层,团结湖,精装修,南,朝阳,团结湖三四条小区,12 ,合租 - 次卧 - 男女不限
3室1厅2卫,7800,低层/共12层,永定路,简单装修,南北,海淀,丹青府,133,整租
3室1厅1卫,5500,低层/共6层,西直门,精装修,南,西城,时代之光名苑,70 ,整租
3室1厅1卫,4900,中层/共6层,果园,精装修,南北,通州,靓景明居,122,整租
2室1厅1卫,9000,低层/共18层,东花市,精装修,东,崇文,花市枣苑,93 ,整租
2室1厅1卫,4400,中层/共6层,大红门,精装修,南,丰台,祥瑞苑,75 ,整租
2室1厅1卫,4600,中层/共6层,后沙峪,精装修,南北,顺义,北平里,65 ,整租
2室2厅1卫,3300,中层/共6层,顺义城区,精装修,南北,顺义,东兴一区,85 ,整租
3室1厅1卫,1900,低层/共30层,北苑,精装修,南,朝阳,奥北中心南区,20 ,合租 - 主卧 - 男女不限
3室1厅1卫,9000,中层/共16层,三元桥,精装修,南北,朝阳,世方豪庭,90 ,整租
3室1厅1卫,1600,中层/共6层,后沙峪,精装修,南,顺义,双裕小区(双裕花园东区),18 ,合租 - 主卧 - 男女不限
2室1厅2卫,12600,高层/共16层,双井,简单装修,西,朝阳,首城国际中心,132,整租
9室4厅3卫,400000,北共2层,菜市口,豪华装修,南,宣武,中信城,290,整租
direction,renovation,lease_way,layout,price,area,address,square,floor,village
西,精装修,整租,2室1厅1卫,7000,朝阳,四惠,74 ,中层/共9层,通惠家园惠润园
南北,简单装修,整租,3室1厅2卫,4000,昌平,沙河,145,中层/共15层,北街家园八区
西北,精装修,整租,2室1厅1卫,12000,朝阳,双井,91 ,中层/共25层,富力城C区
北,精装修,整租,1室0厅1卫,2700,昌平,沙河,45 ,高层/共15层,青年创业大厦
北,精装修,整租,1室1厅1卫,10000,东城,东四,64 ,中层/共10层,俊景苑
暂无,,合租 - 次卧 - 男女不限,3室1厅1卫,1300,昌平,北七家,15 ,信息,温都水城国际养生公寓
南北,精装修,整租,2室2厅1卫,5800,丰台,青塔,99 ,高层/共9层,长安新城一区
南,精装修,合租 - 主卧 - 男女不限,3室1厅2卫,3500,朝阳,望京,35 ,中层/共21层,望京西园三区
南北,简单装修,整租,3室1厅1卫,11000,丰台,七里庄,155,高层/共15层,西局欣园南区
南,精装修,合租 - 主卧 - 男女不限,3室1厅1卫,3000,朝阳,西坝河,30 ,中层/共10层,光熙家园
暂无,,合租 - 次卧 - 限女生,3室1厅1卫,1600,昌平,天通苑,20 ,信息,天通苑东三区
南,精装修,合租 - 主卧 - 男女不限,2室1厅1卫,2500,朝阳,高碑店,30 ,中层/共6层,兴隆家园南区
南,精装修,整租,1室1厅1卫,4500,丰台,右安门,60 ,高层/共6层,开阳里二区
南北,精装修,整租,2室1厅1卫,2000,昌平,昌平县城,70 ,高层/共6层,鑫基家园
南,,整租,3室2厅2卫,24000,崇文,崇文门,170,高层/共16层,北京市崇文门国瑞城西区
西南,精装修,整租,2室1厅1卫,7700,朝阳,双井,95 ,高层/共27层,百环家园
南,精装修,合租 - 主卧 - 男女不限,3室1厅1卫,2000,昌平,回龙观,25 ,高层/共6层,慧华苑
南北,毛坯,整租,2室1厅1卫,1500,房山,窦店,89 ,高层/共15层,北京城建琨廷
暂无,,合租 - 主卧 - 男女不限,3室1厅1卫,2500,朝阳,双桥,18 ,信息,双惠苑
暂无,,合租 - 主卧 - 男女不限,3室1厅1卫,1800,丰台,刘家窑,25 ,信息,横七条44号院
南,精装修,合租 - 主卧 - 男女不限,3室1厅1卫,2400,朝阳,望京,26 ,高层/共6层,世安家园
暂无,,合租 - 次卧 - 限女生,2室1厅1卫,1300,房山,长阳,88 ,信息,首开熙悦山
暂无,,合租 - 次卧 - 男女不限,3室1厅2卫,1000,昌平,天通苑,18 ,信息,天通苑东三区
南,精装修,合租 - 主卧 - 男女不限,3室2厅2卫,2800,昌平,立水桥,34 ,中层/共21层,顶秀青溪
暂无,,合租 - 次卧 - 男女不限,3室1厅2卫,2500,朝阳,垡头,15 ,信息,金蝉南里
南,精装修,合租 - 主卧 - 男女不限,3室2厅2卫,2800,昌平,立水桥,34 ,低层/共22层,顶秀青溪
南,精装修,合租 - 次卧 - 男女不限,2室1厅1卫,4200,丰台,花乡,68 ,低层/共16层,南庭新苑
北,精装修,合租 - 次卧 - 男女不限,3室1厅2卫,1900,昌平,回龙观,20 ,低层/共6层,龙跃苑三区
暂无,,合租 - 主卧 - 男女不限,1室1厅1卫,2000,  暂无信息,北京市通州区运河西大街35号,25 ,信息,暂无信息
暂无,,合租 - 次卧 - 男女不限,3室1厅1卫,1900,朝阳,定福庄,15 ,信息,泰福苑二区
东,精装修,合租 - 主卧 - 男女不限,3室1厅1卫,3000,朝阳,常营,18 ,中层/共24层,常营民族家园
南北,精装修,合租 - 主卧 - 男女不限,3室1厅1卫,2000,大兴,亦庄,18 ,高层/共6层,富源里
南,精装修,合租 - 主卧 - 男女不限,3室1厅2卫,2300,昌平,霍营,25 ,中层/共6层,上坡嘉园
南,精装修,合租 - 主卧 - 男女不限,3室1厅1卫,1900,朝阳,北苑,20 ,低层/共30层,奥北中心南区
暂无,,合租 - 主卧 - 男女不限,3室1厅1卫,2300,朝阳,定福庄,22 ,信息,泰福苑二区
南,精装修,合租 - 主卧 - 男女不限,3室2厅1卫,2200,朝阳,朝青板块,30 ,中层/共18层,阿曼寓所
village,area,layout,lease_way,floor,direction,price,square,renovation,address
铭科苑,海淀,4室1厅2卫,合租 - 次卧 - 男女不限,低层/共24层,南,1650,22 ,精装修,西二旗
天通苑西三区,昌平,3室1厅2卫,合租 - 次卧 - 男女不限,中层/共32层,南,700,20 ,简单装修,天通苑
上坡嘉园,昌平,3室1厅2卫,合租 - 主卧 - 男女不限,中层/共6层,南,2300,25 ,精装修,霍营
智学苑,海淀,4室1厅3卫,合租 - 主卧 - 男女不限,中层/共26层,南,2700,25 ,精装修,西二旗
亮马嘉园,朝阳,2室2厅1卫,合租 - 主卧 - 限女生,低层/共21层,东南,3600,20 ,精装修,酒仙桥
南一区,昌平,3室1厅2卫,合租 - 主卧 - 男女不限,中层/共12层,南,1300,40 ,精装修,北七家
志强南园,海淀,3室1厅1卫,合租 - 次卧 - 男女不限,高层/共6层,北,2500,20 ,精装修,小西天
南海家园三里,大兴,2室2厅1卫,合租 - 主卧 - 男女不限,中层/共16层,南,1650,23 ,精装修,亦庄
嵩潞苑,通州,4室1厅2卫,合租 - 主卧 - 男女不限,低层/共6层,南,2200,35 ,精装修,梨园
融泽嘉园二号院(西区),海淀,1室1厅1卫,合租 - 主卧 - 男女不限,中层/共31层,南,2000,20 ,精装修,中关村
玉泉营111文化产业园,丰台,1室1厅1卫,合租 - 主卧 - 限女生,信息,暂无,1700,27 ,,玉泉营
双惠苑,朝阳,3室1厅1卫,合租 - 主卧 - 男女不限,信息,暂无,2500,18 ,,双桥
佳和园小区,大兴,3室1厅1卫,合租 - 次卧 - 男女不限,信息,暂无,2200,15 ,,旧宫 
民岳家园东区,丰台,3室1厅1卫,合租 - 隔断 - 男女不限,中层/共18层,北,900,9  ,精装修,岳各庄
南海家园三里,大兴,2室1厅1卫,合租 - 主卧 - 男女不限,中层/共20层,南,1650,23 ,精装修,亦庄
苹果社区(北区),朝阳,2室1厅1卫,合租 - 主卧 - 男女不限,中层/共32层,南,3680,35 ,精装修,双井
芍药居9号院,朝阳,3室1厅1卫,合租 - 主卧 - 男女不限,中层/共24层,南,2000,22 ,精装修,芍药居
泰福苑二区,朝阳,3室1厅1卫,合租 - 主卧 - 男女不限,信息,暂无,2300,22 ,,定福庄
望馨花园,朝阳,4室1厅1卫,合租 - 主卧 - 男女不限,5层,南共,4000,35 ,精装修,望京
林奥嘉园,朝阳,3室1厅2卫,合租 - 主卧 - 男女不限,中层/共27层,南,2900,28 ,精装修,北苑
area,square,lease_way,floor,price,renovation,address,village,layout,direction
通州,28 ,合租 - 次卧 - 男女不限,信息,1730,,武夷花园,小街之春,4室1厅1卫,暂无
东城,22 ,合租 - 次卧 - 男女不限,中层/共18层,2100,精装修,安定门,青年湖东里,2室1厅1卫,东
朝阳,18 ,合租 - 主卧 - 男女不限,信息,2500,,双桥,双惠苑,3室1厅1卫,暂无
昌平,20 ,合租 - 次卧 - 男女不限,中层/共6层,1650,精装修,回龙观,龙跃苑东五区,3室2厅2卫,南
通州,20 ,合租 - 次卧 - 男女不限,信息,2020,,通州北苑, ,3室1厅2卫,暂无
昌平,10 ,合租 - 次卧 - 男女不限,信息,2200,,霍营,硅谷先锋,3室1厅1卫,暂无
朝阳,13 ,合租 - 次卧 - 男女不限,中层/共6层,2000,精装修,芍药居,芍药居4号院,3室1厅1卫,南
朝阳,25 ,合租 - 主卧 - 男女不限,中层/共21层,2600,精装修,酒仙桥,亮马嘉园,3室1厅1卫,南
东城,20 ,合租 - 主卧 - 男女不限,低层/共18层,3200,精装修,朝阳门,朝阳门内南小街20号小区,3室1厅1卫,南
通州,13 ,合租 - 隔断 - 男女不限,高层/共6层,750,中等装修,梨园,中泽家园,1室1厅1卫,南北
  暂无信息,18 ,合租 - 主卧 - 男女不限,高层/共6层,650,精装修,岔路口南方花园小区，双龙大道地铁站,南高层/共6层,4室1厅1卫,南
朝阳,18 ,合租 - 主卧 - 男女不限,低层/共16层,1800,精装修,常营,中弘北京像素北区,3室0厅1卫,南
燕郊,26 ,合租 - 主卧 - 男女不限,低层/共6层,600,精装修,迎宾路,双阳家园,1室1厅1卫,南
朝阳,15 ,合租 - 次卧 - 男女不限,高层/共14层,1000,简单装修,常营,中弘·北京像素南区,1室1厅1卫,西
朝阳,18 ,合租 - 次卧 - 男女不限,信息,2499,,常营,首开东都汇别墅,2室2厅1卫,暂无
朝阳,20 ,合租 - 次卧 - 男女不限,中层/共26层,1800,精装修,四惠,观音惠园,3室1厅1卫,南
房山,18 ,合租 - 主卧 - 男女不限,信息,1200,,阎村,圣景苑,3室1厅1卫,暂无
朝阳,18 ,合租 - 次卧 - 男女不限,信息,2100,,亚运村,慧忠里小区,3室1厅1卫,暂无
朝阳,15 ,合租 - 次卧 - 男女不限,低层/共22层,1900,精装修,三元桥,三源里小区(北小街小区),3室1厅1卫,南
海淀,24 ,合租 - 主卧 - 男女不限,低层/共6层,2100,精装修,清河,宝盛里,3室1厅1卫,南
昌平,20 ,合租 - 主卧 - 男女不限,高层/共6层,800,精装修,昌平县城,北城根,4室1厅1卫,南
丰台,18 ,合租 - 主卧 - 男女不限,中层/共15层,1850,精装修,角门,新新天第(三星庄2号院),2室1厅1卫,南
石景山,20 ,合租 - 主卧 - 男女不限,5层,2230,豪华装修,古城,首钢古城单身宿舍,1室1厅1卫,南共
丰台,26 ,合租 - 次卧 - 男女不限,低层/共28层,2460,精装修,丽泽桥,丽新怡园,2室1厅1卫,南
朝阳,25 ,合租 - 主卧 - 男女不限,低层/共18层,2500,精装修,工体,工体西里小区,2室1厅1卫,南
通州,28 ,合租 - 主卧 - 男女不限,低层/共11层,1620,精装修,北关,翠福园,2室1厅1卫,南
海淀,20 ,合租 - 主卧 - 男女不限,中层/共12层,3000,豪华装修,西二旗,智学苑,3室1厅1卫,南
通州,30 ,合租 - 主卧 - 男女不限,中层/共8层,1200,精装修,马驹桥,商业街干部楼东楼,3室2厅1卫,南北
大兴,14 ,合租 - 次卧 - 男女不限,中层/共6层,1400,精装修,西红门,兴海家园星苑,2室1厅1卫,南
丰台,20 ,合租 - 主卧 - 男女不限,高层/共6层,2200,精装修,六里桥,六里桥北里,3室1厅1卫,南
西城,16 ,合租 - 次卧 - 男女不限,高层/共25层,3000,精装修,德胜门,新风街1号院,3室2厅2卫,东南
昌平,50 ,合租 - 主卧 - 男女不限,中层/共8层,2000,精装修,昌平县城,唐人府,1室1厅1卫,南
朝阳,20 ,合租 - 主卧 - 男女不限,低层/共28层,2000,中等装修,望京,首开知语城,2室1厅1卫,南
石景山,30 ,合租 - 主卧 - 男女不限,中层/共12层,2450,精装修,玉泉路,玉泉路11号院,3室1厅1卫,南
renovation,address,price,area,floor,direction,village,square,lease_way,layout
精装修,天通苑,1200,昌平,中层/共11层,南,天通苑北一区,26 ,合租 - 次卧 - 男女不限,1室1厅1卫
精装修,西坝河,3000,朝阳,中层/共10层,南,光熙家园,30 ,合租 - 主卧 - 男女不限,3室1厅1卫
豪华装修,天通苑,4800,昌平,中层/共6层,南北,天通东苑二区,118,整租,2室2厅2卫
精装修,九棵树,5000,通州,中层/共23层,南北,通大家园,126,整租,3室2厅1卫
精装修,清河,5000,海淀,中层/共16层,西南,强佑清河新城西区,52 ,整租,1室1厅1卫
精装修,天通苑,1200,昌平,高层/共12层,东,天通苑北一区,18 ,合租 - 次卧 - 男女不限,3室1厅2卫
简单装修,定慧寺,5100,海淀,高层/共6层,南北,定慧北里,63 ,整租,2室1厅1卫
精装修,右安门,4500,丰台,高层/共6层,南,开阳里二区,60 ,整租,1室1厅1卫
精装修,学院路,6100,海淀,低层/共16层,东,石油大院,61.,整租,2室1厅1卫
,四惠,2400,朝阳,信息,暂无, ,24 ,合租 - 主卧 - 男女不限,4室1厅1卫
精装修,立水桥,1500,昌平,高层/共12层,南,合立方,18 ,合租 - 次卧 - 男女不限,3室1厅2卫
简单装修,七里庄,11000,丰台,高层/共15层,南北,西局欣园南区,155,整租,3室1厅1卫
精装修,潘家园,2200,朝阳,中层/共28层,南,弘善家园,16 ,合租 - 次卧 - 男女不限,3室1厅1卫
,马连洼,2850,海淀,信息,暂无,裕和嘉园,26 ,合租 - 主卧 - 男女不限,2室1厅1卫
精装修,双井,7700,朝阳,高层/共27层,西南,百环家园,95 ,整租,2室1厅1卫
精装修,马连道,5500,宣武,中层/共24层,南,马连道中里一区,75 ,整租,2室1厅1卫
精装修,回龙观,2000,昌平,高层/共6层,南,慧华苑,25 ,合租 - 主卧 - 男女不限,3室1厅1卫
豪华装修,玉泉路,5300,海淀,低层/共6层,南北,玉海园二里,76 ,整租,2室2厅1卫
,上地,2800,海淀,信息,暂无,裕和嘉园,28 ,合租 - 主卧 - 男女不限,3室1厅1卫
精装修,望京,2400,朝阳,高层/共6层,南,世安家园,26 ,合租 - 主卧 - 男女不限,3室1厅1卫
精装修,高碑店,2500,朝阳,中层/共6层,南,兴隆家园南区,30 ,合租 - 主卧 - 男女不限,2室1厅1卫
精装修,右安门,5000,丰台,中层/共28层,南,西铁营小区,58 ,整租,2室1厅1卫
精装修,青塔,5800,丰台,高层/共9层,南北,长安新城一区,99 ,整租,2室2厅1卫
,孙河,2280,朝阳,信息,暂无,康营家园15期,20 ,合租 - 主卧 - 男女不限,3室1厅1卫
毛坯,窦店,1500,房山,高层/共15层,南北,北京城建琨廷,89 ,整租,2室1厅1卫
精装修,东四,10000,东城,中层/共10层,北,俊景苑,64 ,整租,1室1厅1卫
精装修,太阳宫,13000,朝阳,低层/共30层,南,太阳公元,90 ,整租,2室2厅1卫
简单装修,沙河,4000,昌平,中层/共15层,南北,北街家园八区,145,整租,3室1厅2卫
精装修,北沙滩,2200,朝阳,中层/共6层,南,北沙滩1号院,23 ,合租 - 主卧 - 男女不限,3室1厅1卫
精装修,双井,12000,朝阳,中层/共25层,西北,富力城C区,91 ,整租,2室1厅1卫
精装修,木樨园,1700,丰台,中层/共15层,南,南曦大厦,25 ,合租 - 主卧 - 男女不限,3室1厅1卫
精装修,昌平县城,2000,昌平,高层/共6层,南北,鑫基家园,70 ,整租,2室1厅1卫
精装修,望京,3500,朝阳,中层/共21层,南,望京西园三区,35 ,合租 - 主卧 - 男女不限,3室1厅2卫
,大望路,3290,朝阳,信息,暂无, ,25 ,合租 - 主卧 - 男女不限,3室1厅1卫
,黄村,1600,大兴,信息,暂无,兴水家园,15 ,合租 - 次卧 - 男女不限,3室1厅1卫
精装修,城区,1300,燕郊,低层/共22层,东西,天洋城,57 ,整租,2室1厅1卫
,昌平县城,1250,昌平,信息,暂无, ,25 ,合租 - 次卧 - 男女不限,3室2厅2卫
精装修,后沙峪,6200,顺义,低层/共12层,南,艾迪城,65 ,整租,2室2厅2卫
精装修,西坝河,3500,朝阳,中层/共12层,南北,光熙门北里,30 ,合租 - 主卧 - 男女不限,3室1厅1卫
price,village,layout,area,renovation,lease_way,address,direction,square,floor
1400,交大静园,3室1厅1卫,海淀,精装修,合租 - 次卧 - 男女不限,大钟寺,南,13 ,中层/共6层
2500,和平里六区,3室1厅1卫,东城,精装修,合租 - 主卧 - 男女不限,和平里,南,20 ,低层/共12层
4200,古城南里,2室1厅1卫,石景山,精装修,整租,古城,南北,68 ,高层/共16层
29000,北京科技会展中心公寓,3室1厅2卫,海淀,精装修,整租,中关村,南,220,中层/共18层
8800,顶秀青溪,3室1厅1卫,昌平,豪华装修,整租,立水桥,南北,130,高层/共15层
1300,百嘉城,3室1厅2卫,昌平,精装修,合租 - 主卧 - 男女不限,回龙观,南,18 ,中层/共12层
1700,望京新城,3室1厅1卫,朝阳,精装修,合租 - 次卧 - 男女不限,望京,南,20 ,中层/共27层
3000,东兴第二社区,1室1厅1卫,顺义,精装修,整租,顺义城区,南北,60 ,低层/共6层
8300,澳洲康都,2室1厅1卫,朝阳,精装修,整租,望京,东南,79.,高层/共17层
2000,东亚尚品台湖,1室1厅1卫,通州,精装修,整租,次渠,东,40 ,中层/共15层
6500,白家庄北里,2室1厅1卫,朝阳,精装修,整租,三里屯,南,57.,中层/共13层
5000,翠成馨园,2室2厅1卫,朝阳,精装修,整租,垡头,西南,75 ,中层/共30层
7500,金泰先锋,2室2厅1卫,朝阳,豪华装修,整租,百子湾,南北,100,中层/共10层
2400,永泰园北区,3室1厅1卫,海淀,精装修,合租 - 次卧 - 男女不限,清河,南,20 ,中层/共6层
2000,迈豪时代,3室1厅1卫,西城,,合租 - 主卧 - 男女不限,西直门,暂无,23 ,信息
1500,龙腾苑四区,3室1厅2卫,昌平,精装修,合租 - 次卧 - 男女不限,回龙观,西,18 ,中层/共6层
6300,欧园北欧印象,2室1厅1卫,宣武,简单装修,整租,广安门内,南,72 ,高层/共28层
4000,翠林漫步一期,3室1厅2卫,房山,简单装修,整租,长阳,南北,90 ,高层/共8层
6660,天秀花园安和园,2室1厅1卫,海淀,精装修,整租,马连洼,南北,78 ,高层/共6层
13500,润枫水尚(东区),2室1厅2卫,朝阳,精装修,整租,朝青板块,南北,122,高层/共10层
2000,十里堡北里,3室1厅2卫,朝阳,精装修,合租 - 主卧 - 男女不限,十里堡,南,22 ,中层/共28层
53000,莱蒙湖,6室4厅5卫,顺义,豪华装修,整租,后沙峪,南,547,北共3层
2300, ,4室1厅3卫,朝阳,,合租 - 主卧 - 男女不限,北苑,暂无,252,信息
2800,西局南街小区,2室1厅1卫,丰台,,合租 - 次卧 - 限女生,丽泽桥,暂无,75 ,信息
6600,柳浪家园北里,3室1厅1卫,海淀,精装修,整租,马连洼,南北,80 ,中层/共10层
4500,望园东里小区,1室1厅1卫,丰台,精装修,整租,七里庄,南,70 ,高层/共12层
3200,鑫苑小区,1室1厅1卫,通州,精装修,整租,通州北苑,南,65 ,中层/共6层
900,望春园,2室1厅1卫,朝阳,,合租 - 隔断 - 男女不限,北苑,暂无,12 ,信息
4500,次渠嘉园 次去锦园 次渠南里 次渠北里,3室1厅1卫,通州,精装修,整租,次渠,南,99 ,中层/共24层
4800,首开国风美唐朗观,1室1厅1卫,昌平,精装修,整租,回龙观,南,50 ,高层/共21层
5500,安华里一区,2室1厅1卫,朝阳,精装修,整租,安贞,南,70 ,低层/共6层
1800,金泰先锋,3室1厅2卫,朝阳,精装修,合租 - 次卧 - 男女不限,国贸,北,16 ,中层/共10层
1500,福城上上城五期,2室2厅1卫,燕郊,精装修,整租,东市区,南北,87 ,低层/共28层
1300,纳丹堡,1室1厅1卫,燕郊,,整租,燕顺路,西,66 ,高层/共18层
5500,似海怡家,1室1厅1卫,宣武,豪华装修,整租,广安门内,东,45 ,低层/共25层
1400,福泽御园北区,2室1厅1卫,燕郊,精装修,整租,东市区,南,81 ,低层/共24层
1850,京旺家园七区,3室1厅1卫,朝阳,精装修,合租 - 次卧 - 男女不限,大山子,北,18 ,中层/共11层
4000,西单地铁附近独立单间带阳台有wifi,2室1厅1卫,西城,,合租 - 主卧 - 男女不限,西单,暂无,20 ,信息
10000,首城国际中心,1室1厅1卫,朝阳,精装修,整租,双井,东,72.,高层/共16层
2500,天通苑西三区,3室1厅2卫,昌平,,合租 - 主卧 - 男女不限,天通苑,暂无,38 ,信息
6200,阜成门南大街,2室1厅1卫,西城,精装修,整租,阜成门,东西,60 ,低层/共14层
6800,橡胶研究设计院家属院,3室1厅1卫,海淀,精装修,整租,田村,南北,100,高层/共6层
4500,社科院机关宿舍楼,1室1厅1卫,西城,豪华装修,整租,西直门,南,50 ,低层/共6层
1980,东华门小区,3室1厅1卫,东城,豪华装修,合租 - 主卧 - 男女不限,王府井,南,19 ,中层/共19层
2200,龙跃苑东四区,3室1厅2卫,昌平,精装修,合租 - 主卧 - 男女不限,回龙观,南,30 ,中层/共6层
1200,东坝小区,1室0厅1卫,朝阳,精装修,整租,东坝,南共,20 ,3层
1800, ,3室1厅1卫,通州,,合租 - 主卧 - 男女不限,北关,暂无,94 ,信息
3800,永泰东里,1室1厅1卫,海淀,中等装修,整租,清河,西,45 ,中层/共6层
4000,周庄嘉园B区,1室1厅1卫,朝阳,豪华装修,整租,大望路,南北,56 ,中层/共28层
850,天通苑西二区,2室1厅2卫,昌平,精装修,合租 - 次卧 - 男女不限,天通苑,南,21 ,中层/共22层
1200,商业街干部楼东楼,3室2厅1卫,通州,精装修,合租 - 主卧 - 男女不限,马驹桥,南北,30 ,中层/共8层
1600,育慧西里,3室1厅1卫,朝阳,精装修,合租 - 主卧 - 男女不限,亚运村小营,南,17 ,中层/共20层
2800,新源街小区,3室1厅1卫,朝阳,精装修,合租 - 隔断 - 男女不限,三元桥,南北,14 ,低层/共6层
7800,天时名苑,3室2厅2卫,通州,豪华装修,整租,通州北苑,南北,125,中层/共30层
2700,中海城圣朝菲,3室1厅1卫,丰台,精装修,合租 - 主卧 - 男女不限,成寿寺,南,38 ,中层/共25层
1300,次渠锦园小区,3室1厅1卫,通州,豪华装修,合租 - 主卧 - 男女不限,次渠,南,15 ,高层/共24层
2200,世纪村(一区),3室1厅1卫,朝阳,精装修,合租 - 主卧 - 男女不限,亚运村小营,南,24 ,低层/共14层
1800,朱辛庄南区,3室1厅2卫,昌平,精装修,合租 - 次卧 - 男女不限,回龙观,南,20 ,中层/共6层
1620,翠福园,2室1厅1卫,通州,精装修,合租 - 主卧 - 男女不限,北关,南,28 ,低层/共11层
2400,甜水园西里,2室1厅1卫,朝阳,豪华装修,合租 - 主卧 - 男女不限,团结湖,南,18 ,低层/共6层
12800,纳帕尔湾,5室3厅5卫,顺义,精装修,整租,顺义城区,南,406,北共2层
800,马驹桥小周易村附近,1室1厅1卫,通州,,合租 - 主卧 - 男女不限,马驹桥,暂无,26 ,信息
9000,苹果社区(北区),1室1厅1卫,朝阳,精装修,整租,双井,南,93.,高层/共21层
1000,天通苑西三区,3室1厅2卫,昌平,精装修,合租 - 次卧 - 男女不限,天通苑,南,25 ,中层/共18层
3200,八家嘉苑,1室1厅1卫,海淀,,合租 - 主卧 - 男女不限,清华大学,暂无,20 ,信息
9500,澳林春天三期,2室2厅2卫,朝阳,精装修,整租,北沙滩,南北,120,中层/共6层
6500,海淀南路3号楼,2室1厅1卫,海淀,精装修,整租,中关村,南,62 ,中层/共18层
3900,新荣家园,3室1厅2卫,朝阳,,合租 - 主卧 - 男女不限,亚运村,暂无,30 ,信息
3600,西派国际公寓,1室1厅1卫,西城,精装修,整租,官园,南北,45 ,中层/共12层
1900,科源社区,3室1厅1卫,海淀,精装修,合租 - 主卧 - 男女不限,中关村,南,15 ,中层/共12层
600,东关北里,1室1厅1卫,昌平,,合租 - 主卧 - 男女不限,昌平县城,暂无,25 ,信息
5500,观典琥珀堡,1室1厅1卫,朝阳,豪华装修,整租,亚运村小营,东,60 ,高层/共6层
4000,安化北里,1室1厅1卫,崇文,精装修,整租,广渠门,南,50 ,高层/共6层
1650, ,2室1厅1卫,朝阳,,合租 - 次卧 - 男女不限,呼家楼,暂无,18 ,信息
4200,新龙城,1室1厅1卫,昌平,精装修,整租,龙泽,南,57 ,中层/共12层
1500,绿色家园,2室2厅1卫,北京周边,,整租,其他,南,85 ,中层/共6层
6500,龙跃苑东五区,3室2厅2卫,昌平,精装修,整租,回龙观,南北,105,低层/共6层
5100,松榆东里,2室1厅1卫,朝阳,,整租,潘家园,南,60 ,低层/共18层
2500,南湖东园(一区),3室1厅1卫,朝阳,精装修,合租 - 主卧 - 男女不限,望京,南,30 ,低层/共6层
1700,聚福苑,3室1厅1卫,朝阳,精装修,合租 - 主卧 - 男女不限,定福庄,南,20 ,高层/共6层
4500,白领家园,1室1厅1卫,朝阳,精装修,整租,高碑店,东西,43 ,中层/共16层
3000,绿地财富中心,1室1厅1卫,大兴,精装修,整租,高米店,东,50 ,低层/共16层
5500,晶城秀府,1室2厅1卫,丰台,精装修,整租,方庄,南,68 ,中层/共18层
3300,威尔夏大道小区,1室1厅1卫,丰台,精装修,整租,六里桥,南,40 ,中层/共12层
3800,湾子街社区,1室1厅1卫,宣武,精装修,整租,马连道,南,50 ,低层/共6层
900,咸宁侯村南口,1室1厅1卫,朝阳,,合租 - 主卧 - 男女不限,双桥,暂无,20 ,信息
5800,世纪城三期晨月园,1室1厅1卫,海淀,精装修,整租,世纪城,南,61 ,中层/共20层
2150,慧忠北里第二社区,3室2厅1卫,朝阳,简单装修,合租 - 次卧 - 男女不限,亚运村,南,26 ,中层/共18层
700,姚家园东里,3室1厅1卫,朝阳,中等装修,合租 - 隔断 - 男女不限,朝阳公园,南,10 ,中层/共16层
4900,金顶街四区,2室1厅1卫,石景山,豪华装修,整租,八宝山,东南,69 ,中层/共16层
3000,大峪南路,3室1厅1卫,门头沟,简单装修,整租,大峪,南,70 ,北共4层
7000,长河湾小区,1室1厅1卫,海淀,精装修,整租,交通大学,南,80 ,中层/共12层
1200,次渠嘉园四区,3室1厅1卫,通州,,合租 - 次卧 - 男女不限,次渠,暂无,12 ,信息
5300,融泽嘉园六号院(东区),2室1厅1卫,海淀,精装修,整租,西二旗,南,70 ,中层/共34层
6500,垂杨柳北里,2室2厅1卫,朝阳,,整租,双井,南共,85 ,4层
3200,太平街17号院,2室1厅1卫,宣武,,合租 - 主卧 - 男女不限,陶然亭,暂无,28 ,信息
6500,大钟寺小区,2室1厅1卫,海淀,精装修,整租,大钟寺,南,65 ,高层/共16层
1700,大牛坊(二期),3室1厅1卫,海淀,精装修,合租 - 主卧 - 男女不限,西北旺,南,25 ,低层/共15层
6700,芳城园一区,3室1厅1卫,丰台,精装修,整租,方庄,西,110,中层/共28层
4400,垡头西里,2室1厅1卫,朝阳,精装修,整租,欢乐谷,南北,60 ,中层/共6层
5100,小南庄社区,2室1厅1卫,海淀,精装修,整租,苏州桥,南北,63 ,中层/共6层
3300,玉泉西街1号院,2室1厅1卫,石景山,精装修,整租,永乐,南,65 ,中层/共6层
4100,中建国际港,2室2厅1卫,大兴,精装修,整租,黄村,西南,90 ,中层/共20层
6000,云趣园一区,3室1厅1卫,昌平,精装修,整租,回龙观,南北,115,低层/共6层
6800,百环家园 苹果社区 首城国际 九龙花园  时代国际 金港国际 东方雅苑 易构空间 风度柏林 珠江帝景,1室0厅1卫,朝阳,精装修,整租,双井,南,68 ,中层/共26层
750,碧海园,1室0厅1卫,北京周边,,整租,其他,西共,36 ,4层
3200,东亚逸品阁,2室2厅1卫,通州,精装修,整租,永顺,南北,95 ,中层/共28层
2900,罗庄西里,3室1厅1卫,海淀,精装修,合租 - 主卧 - 男女不限,知春路,东南,22 ,中层/共18层
2500,荣丰2008,1室1厅1卫,西城,精装修,整租,广安门外,北,28 ,高层/共20层
3500,中国铁建青秀尚城,2室1厅1卫,昌平,精装修,整租,南邵镇,南北,85 ,高层/共18层
6300,酒仙桥南路4号院,1室1厅1卫,朝阳,精装修,整租,酒仙桥,南共,38 ,5层
2280,康营家园15期,3室1厅1卫,朝阳,,合租 - 主卧 - 男女不限,孙河,暂无,20 ,信息
3300,中奥广场首站,1室1厅1卫,丰台,豪华装修,整租,长辛店,南北,55 ,低层/共15层
11000,润枫水尚(东区),2室1厅2卫,朝阳,精装修,整租,朝青板块,南,111,中层/共12层
4000,靓景明居 晟世嘉园,2室1厅1卫,通州,精装修,整租,果园,南北,86 ,中层/共11层
1000,迎风一里,2室1厅1卫,房山,简单装修,整租,燕山,南北,60 ,高层/共6层
11000,融科橄榄城(二期),2室2厅1卫,朝阳,,整租,望京,南,106,低层/共28层
3300,管庄西里,1室1厅1卫,朝阳,简单装修,整租,管庄,南北,60 ,中层/共6层
5000,大道尚庭,1室1厅1卫,大兴,豪华装修,整租,亦庄,西南,100,高层/共17层
1300,永定路西里,3室1厅1卫,海淀,精装修,合租 - 次卧 - 男女不限,永定路,北,13 ,中层/共6层
10000,首开铂郡南区,1室1厅1卫,朝阳,精装修,整租,三里屯,西,56 ,低层/共16层
2350,东大桥路小区,3室1厅1卫,朝阳,精装修,合租 - 主卧 - 男女不限,东大桥,南北,25 ,低层/共25层
10500,艾瑟顿国际公寓,2室1厅1卫,海淀,精装修,整租,中关村,东南,110,高层/共25层
5000,本家润园A区,1室1厅1卫,崇文,精装修,整租,崇文门,北,55 ,中层/共15层
7600,融泽嘉园一号院,4室1厅1卫,昌平,精装修,整租,龙泽,南北,115,中层/共34层
19000,西山美墅馆,3室2厅2卫,海淀,豪华装修,整租,西山,南,159,北共3层
1500,国际生态城(北区),2室2厅1卫,密云,精装修,整租,密云城区,南北,95 ,中层/共20层
2500,和泓四季,3室1厅1卫,海淀,精装修,整租,四季青,南,25 ,中层/共9层
7500,安平里,2室1厅1卫,西城,精装修,整租,车公庄,南北,70 ,中层/共6层
4500,小区,3室1厅2卫,昌平,精装修,整租,北七家,南北,145,中层/共8层
2000,华威北里,2室1厅1卫,朝阳,中等装修,合租 - 次卧 - 男女不限,潘家园,南,12 ,中层/共18层
2500,金海国际,2室2厅2卫,朝阳,精装修,合租 - 主卧 - 男女不限,百子湾,南,37 ,中层/共23层
5000,顶秀金石家园,1室1厅1卫,丰台,,整租,宋家庄,南,60 ,中层/共22层
4300,椿楸嘉园,1室0厅0卫,海淀,精装修,整租,四季青,南,60 ,中层/共12层
4700,通惠苑,2室1厅1卫,通州,精装修,整租,通州北苑,南北,100,中层/共18层
1300,复兴路61号,3室1厅1卫,海淀,精装修,合租 - 次卧 - 男女不限,万寿路,北,13 ,中层/共6层
13000,富力城D区,2室2厅1卫,朝阳,精装修,整租,国贸,南北,91 ,低层/共17层
3800,羊各庄新村,3室2厅1卫,昌平,精装修,整租,北七家,南北,130,高层/共6层
6400,霞光里小区,1室1厅1卫,朝阳,中等装修,整租,三元桥,南,36 ,低层/共6层
4300,宋庄路甲12号院,2室1厅1卫,丰台,精装修,整租,刘家窑,南北,65 ,低层/共6层
3400,西直门北大街43号院,2室1厅1卫,西城,精装修,合租 - 主卧 - 男女不限,西直门,东,30 ,中层/共6层
13000,UHN国际村,2室1厅2卫,朝阳,精装修,整租,太阳宫,南,116,中层/共28层
15999,富力城D区,3室2厅2卫,朝阳,豪华装修,整租,双井,东南,126,高层/共21层
4300,玉璞家园,1室1厅1卫,丰台,精装修,整租,七里庄,南,60 ,中层/共22层
26000,富力爱丁堡公馆,4室2厅2卫,朝阳,豪华装修,整租,团结湖,南北,262,高层/共11层
5500,沿海赛洛城南区,1室1厅1卫,朝阳,精装修,整租,百子湾,南,68 ,中层/共22层
3200,宋庄辛店村,2室2厅1卫,通州,,整租,宋庄,南共,150,1层
5900,天怡福园小区,2室1厅1卫,丰台,精装修,整租,宋家庄,南,85 ,中层/共25层
3800,霍营小区,1室1厅1卫,昌平,精装修,整租,霍营,南北,60 ,中层/共6层
3900,车道沟南里小区,1室1厅1卫,海淀,精装修,整租,北洼路,南北,60 ,高层/共12层
1800,营房小区,2室1厅1卫,房山,精装修,整租,房山城关,南北,80 ,高层/共6层
5000,似海怡家,1室1厅1卫,宣武,精装修,整租,牛街,南,55 ,中层/共29层
6000,真武庙六里,1室1厅1卫,西城,精装修,整租,复兴门,南,55 ,中层/共19层
2000,中海城香克林,2室1厅1卫,丰台,精装修,合租 - 主卧 - 男女不限,成寿寺,南,17 ,中层/共26层
1000,弘善家园,3室1厅1卫,朝阳,精装修,合租 - 次卧 - 男女不限,潘家园,南,18 ,中层/共28层
4500,聚福苑,1室2厅1卫,朝阳,精装修,整租,定福庄,南北,68 ,低层/共27层
3400,麓景嘉园,2室1厅2卫,海淀,精装修,整租,温泉,南北,86 ,高层/共6层
8500,太阳园,2室1厅1卫,海淀,简单装修,整租,知春路,南,110,低层/共27层
1960,物资学院3号院,3室1厅1卫,通州,精装修,合租 - 主卧 - 男女不限,北关,南北,27 ,低层/共6层
9500,珠江摩尔公元,3室2厅2卫,昌平,精装修,整租,回龙观,南,185,中层/共15层
3000,富力尚悦居,2室1厅1卫,通州,精装修,整租,马驹桥,南北,96 ,低层/共16层
2600,安翔里,3室1厅2卫,朝阳,精装修,合租 - 主卧 - 男女不限,健翔桥,南,20 ,高层/共6层
2000,北新家园,3室1厅1卫,海淀,精装修,合租 - 次卧 - 男女不限,西三旗,东南,23 ,低层/共12层
2500,中灿苑,4室1厅1卫,朝阳,精装修,合租 - 次卧 - 男女不限,亚运村,西南,15 ,低层/共30层
8500,椿楸嘉园,3室1厅1卫,海淀,豪华装修,整租,四季青,南,140,高层/共10层
5300,亚奥.观典国际公寓,1室1厅1卫,朝阳,精装修,整租,亚运村,南,54 ,中层/共28层
4500,方家胡同小区,1室1厅1卫,东城,精装修,整租,安定门,南共,36 ,1层
600,顺义马坡马卷有两个单间出租,1室0厅0卫,顺义,,整租,马坡,南共,15 ,1层
4300,晓月苑八里,2室1厅1卫,丰台,简单装修,整租,卢沟桥,西北,80 ,中层/共25层
2000,华源一里,1室1厅1卫,丰台,,整租,六里桥,南共,25 ,5层
4600,北平里,2室1厅1卫,朝阳,精装修,整租,首都机场,南北,70 ,中层/共6层
3900,万泉盛景园,1室1厅1卫,丰台,精装修,整租,丽泽桥,南,62 ,中层/共28层
4600,馨悦家园,2室1厅1卫,海淀,精装修,整租,上庄,南北,90 ,中层/共15层
3600,玺萌丽苑,1室1厅1卫,丰台,精装修,整租,草桥,东,30 ,高层/共24层
2388,望春园,2室1厅1卫,朝阳,精装修,合租 - 主卧 - 男女不限,北苑,南,30 ,中层/共26层
2300,宝盛里,1室1厅1卫,海淀,精装修,整租,清河,南共,30 ,1层
8333,金台园小区,1室1厅1卫,怀柔,简单装修,整租,怀柔城区,南共,185,2层
4200,八角南里,2室1厅1卫,石景山,精装修,整租,八角,南北,60 ,高层/共6层
800,  ,3室1厅1卫,大十三里村,,整租,房山,暂无,70 ,信息
3000, ,1室1厅1卫,昌平,精装修,整租,北七家,南,58 ,高层/共18层
5180,万泉盛景园,2室1厅1卫,丰台,精装修,整租,丽泽桥,南,92 ,高层/共28层
1900,南海家园四里,2室1厅1卫,大兴,精装修,合租 - 次卧 - 男女不限,瀛海镇,南,16 ,高层/共18层
3500,城市青年文创园,2室1厅1卫,朝阳,豪华装修,整租,劲松,南,60 ,北共3层
7900,左家庄北里,1室1厅1卫,朝阳,精装修,整租,左家庄,东北,67.,高层/共20层
38000,翠微路甲9号院,1室1厅1卫,海淀,精装修,整租,公主坟,北,358,低层/共6层
18000,国兴家园海赋国际增光佳苑主语家园建设部大院增光佳苑甘家口小区白石桥南景王坟中海馥园白石桥南水科院,3室2厅2卫,海淀,精装修,整租,白石桥,东南,160,中层/共18层
7200,磨房北里,3室1厅1卫,朝阳,简单装修,整租,劲松,东南,73 ,低层/共18层
2700,爱这城三期,4室2厅2卫,朝阳,精装修,合租 - 次卧 - 男女不限,八里庄,南,12 ,高层/共24层
1600,田园风光雅苑西区,3室1厅2卫,昌平,精装修,合租 - 主卧 - 男女不限,回龙观,南,25 ,低层/共6层
2500,东方雅苑 珠江帝景  风度柏林 合生汇,1室1厅1卫,朝阳,精装修,整租,大望路,南北,30 ,高层/共22层
5600,畅春园,3室2厅2卫,海淀,精装修,整租,北京大学,南北,100,低层/共28层
3200,世纪茶贸中心-A座,1室0厅1卫,宣武,精装修,整租,马连道,南北,35 ,高层/共23层
4000,世界之花假日广场,1室1厅1卫,大兴,,整租,旧宫 ,东,40 ,中层/共13层
1500,  ,1室1厅1卫,福泽御园南区,中等装修,整租,燕郊,南,50 ,高层/共23层
2300,团结湖 呼家楼 三里屯,2室1厅1卫,朝阳,精装修,合租 - 主卧 - 男女不限,团结湖,南,26 ,中层/共12层
4700,时代龙和大道,2室2厅1卫,大兴,精装修,整租,黄村,南北,102,中层/共8层
2600, ,2室1厅1卫,昌平,,合租 - 主卧 - 限男生,回龙观,暂无,80 ,信息
4000,丰卉家园,1室1厅1卫,丰台,精装修,整租,五里店,南,62 ,中层/共6层
3100,金地格林格林北区,1室1厅1卫,通州,精装修,整租,北关,南北,65 ,低层/共18层
28000,阳光上东,3室2厅2卫,朝阳,精装修,整租,酒仙桥,南北,198,中层/共32层
4800,芳古园一区,1室1厅1卫,丰台,简单装修,整租,方庄,东南,35 ,高层/共25层
2300,上奥世纪中心,2室1厅1卫,海淀,,合租 - 次卧 - 男女不限,西二旗,暂无,14 ,信息
1100,艺苑西里,3室1厅1卫,通州,,合租 - 次卧 - 男女不限,玉桥,暂无,18 ,信息
5500,吉祥里小区,1室1厅1卫,东城,豪华装修,整租,朝阳门,南北,59 ,低层/共7层
5500,新康街,2室1厅1卫,西城,精装修,整租,积水潭,南北,75 ,中层/共6层
1600,粮食局家属楼,3室1厅1卫,平谷,精装修,整租,平谷城区,南北,108,中层/共6层
7000,福海棠华苑,2室2厅1卫,丰台,精装修,整租,大红门,南北,101,中层/共15层
1100,平西府村,1室0厅1卫,昌平,,整租,霍营,北共,18 ,3层
15000,万豪国际公寓,3室1厅2卫,朝阳,精装修,整租,建外大街,西北,166,中层/共27层
1000,青塔东里,3室1厅1卫,海淀,精装修,合租 - 次卧 - 男女不限,五棵松,北,10 ,中层/共6层
1900,新宫家园北区,4室1厅1卫,丰台,,合租 - 隔断 - 男女不限,新宫,暂无,17 ,信息
15000,龙湖长楹天街,3室2厅2卫,朝阳,简单装修,整租,常营,南,142,低层/共18层
3200,幸福北里小区,1室1厅1卫,崇文,,整租,广渠门,南共,30 ,1层
4700,天通苑北三区,2室1厅1卫,昌平,精装修,整租,天通苑,南北,84 ,高层/共6层
6000,沿海赛洛城南区,1室1厅1卫,朝阳,豪华装修,整租,百子湾,南,58 ,中层/共12层
2500,韩庄子西里,3室1厅1卫,丰台,精装修,合租 - 主卧 - 男女不限,看丹桥,西,20 ,中层/共28层
4300,金台里北街,1室1厅1卫,朝阳,精装修,整租,红庙,南北,55 ,中层/共24层
4000,保利紫荆香谷(南区),2室1厅1卫,昌平,,整租,沙河,南,84 ,高层/共29层
35000,当代MOMA,3室2厅2卫,东城,精装修,整租,和平里,东南,196,中层/共25层
15000,东方夏威夷(公寓),4室2厅3卫,燕郊,毛坯,整租,城区,南北,245,低层/共18层
6200,北岗子街,3室1厅1卫,崇文,,整租,体育馆路,南共,65 ,5层
3600,炫立方,1室1厅1卫,顺义,,整租,顺义城区,东,45 ,高层/共10层
2000,今典花园,3室1厅1卫,海淀,精装修,合租 - 主卧 - 男女不限,小西天,南,20 ,中层/共20层
2300,北辰福第南区,1室0厅1卫,朝阳,精装修,合租 - 主卧 - 男女不限,常营,南,20 ,中层/共28层
6200,长安6号,1室1厅1卫,朝阳,精装修,整租,建外大街,北,50 ,中层/共20层
950,四季青京泉馨苑,3室1厅1卫,海淀,,合租 - 次卧 - 限女生,四季青,暂无,200,信息
1500, ,1室1厅1卫,通州,中等装修,整租,土桥,南北,46 ,中层/共7层
2100,万树园,3室1厅1卫,海淀,精装修,合租 - 主卧 - 男女不限,马连洼,南,15 ,低层/共6层
5300,鸿坤理想城礼域府,2室1厅2卫,大兴,简单装修,整租,西红门,南,103,低层/共17层
7500,望京西园四区,2室2厅1卫,朝阳,精装修,整租,望京,东南,89 ,中层/共26层
6579,胜古南里,2室1厅1卫,朝阳,精装修,整租,安贞,南北,60 ,低层/共6层
2500,双惠苑,3室1厅1卫,朝阳,,合租 - 主卧 - 男女不限,双桥,暂无,18 ,信息
7000,泰悦豪庭,1室1厅1卫,朝阳,精装修,整租,东大桥,南,50 ,高层/共28层
6500,中海苏黎世家,1室1厅1卫,丰台,豪华装修,整租,科技园区,东,60 ,低层/共15层
面议,西后街17号,1室0厅0卫,通州,简单装修,合租 - 主卧 - 男女不限,马驹桥,暂无,20 ,信息
3000,华腾园,2室1厅1卫,朝阳,,合租 - 主卧 - 限女生,劲松,暂无,30 ,信息
4400,K2海棠湾,2室1厅1卫,通州,精装修,整租,梨园,南北,93 ,高层/共20层
1600,泰禾中央广场,2室1厅1卫,大兴,精装修,合租 - 次卧 - 男女不限,生物医药基地,北,16 ,低层/共16层
1680,南海家园七里,2室1厅1卫,大兴,精装修,合租 - 主卧 - 男女不限,亦庄,南,28 ,中层/共18层
4800,康家园小区,2室1厅1卫,朝阳,精装修,整租,甘露园,南,72 ,低层/共6层
1400,尚品阳光,3室2厅2卫,北京周边,,整租,固安,南,120,低层/共13层
3000,梨园东里北区,2室1厅1卫,通州,精装修,整租,梨园,南北,70 ,低层/共6层
3500,合生世界村 合生世界花园 珠江逸景家园,3室2厅2卫,通州,精装修,整租,马驹桥,南,130,高层/共18层
9700,丰侨公寓,1室1厅1卫,西城,,整租,金融街,北,64 ,低层/共32层
1700,建欣苑一里,2室1厅1卫,丰台,中等装修,合租 - 主卧 - 男女不限,大红门,南,20 ,中层/共20层
3300,滨河西里,2室1厅1卫,大兴,精装修,整租,黄村,南北,65 ,低层/共6层
6300,双榆树南里二区,2室1厅1卫,海淀,精装修,整租,双榆树,南北,68 ,中层/共6层
5300,筑梦园,1室1厅1卫,丰台,精装修,整租,刘家窑,东,66 ,高层/共23层
